;Désignation;Compte;Rubrique;Emplacement;Colonne1;Code d'idenification;FOURNISSEUR;Date d'achat;Mis en service;Fin amort.;Durée;Cout d'acquisition en USD ;Taux USD / CDF ;Taux d'amortissement ;Cout d'acquisition en CDF ;mois;prorata;Amortissement 2023;Cumul Amort 2023;VNC 2023;Amortissement 2024;Cumul Amort 2024;VNC 2024;Coéfficient de Révaluation;VBR;CV;AR;CA;SA;ER;
;GMB COMPTA ;     2130000;Logiciel de gestion comptable;Comptabilité;;;CPCC;31/12/2022;31/12/2023;31/12/2026;2;;;50,00;7 200 000,00;;;3 600 000,00;3 600 000,00;3 600 000,00;3 600 000,00;7 200 000,00;0,00;1,12;8 064 000,00;864 000,00;8 064 000,00;864 000,00;0;0,00;
;TOTAL LOGICIEL ;;;;;;;;;;;;;;;;;3 600 000,00;3 600 000,00;3 600 000,00;3 600 000,00;7 200 000,00;0,00;;8 064 000,00;864 000,00;8 064 000,00;864 000,00;;0,00;
;;244200;MATERIEL INFORMATIQUE ;;;;;31/12/2022;31/12/2023;31/12/2026;3;;;33,3333333333333;198 514 802,41;;;66 171 600,80;66 171 600,80;132 343 201,61;66 171 600,80;132 343 201,61;66 171 600,80;1,12; 	222 336 578,70 FC ; 	23 821 776,29 FC ; 	148 224 385,80 FC ; 	15 881 184,19 FC ;0; 	7 940 592,10 FC ;
;HP ELITE BOOK LAPTOP;244200;MATERIEL INFORMATIQUE ;;;;ABS;3/08/2024;3/08/2024;3/08/2027;3;;2800,00;33,3333333333333; 	3 220 000,00 FC ;8;5;;0,00;; 	447 222,22 FC ;447 222,22;2772777,77777778;1,03; 	3 316 600,00 FC ; 	96 600,00 FC ; 	460 638,89 FC ; 	13 416,67 FC ;0; 	83 183,33 FC ;
;HP ELITE BOOK LAPTOP;244200;MATERIEL INFORMATIQUE ;;;;ABS;3/08/2024;3/08/2024;3/08/2027;3;;2800,00;33,3333333333333; 	3 220 000,00 FC ;8;5;;0,00;; 	447 222,22 FC ;447 222,22;2772777,77777778;1,03; 	3 316 600,00 FC ; 	96 600,00 FC ; 	460 638,89 FC ; 	13 416,67 FC ;0; 	83 183,33 FC ;
;HP ELITE BOOK LAPTOP;244200;MATERIEL INFORMATIQUE ;;;;ABS;15/11/2024;15/11/2024;15/11/2027;3;;2800,00;33,3333333333333; 	2 547 000,00 FC ;11;2;;0,00;; 	141 500,00 FC ;141 500,00;2 405 500,00;1,03; 	2 623 410,00 FC ; 	76 410,00 FC ; 	145 745,00 FC ; 	4 245,00 FC ;; 	72 165,00 FC ;
1;Extender ;244200;MATERIEL INFORMATIQUE ;INFORMATIQUE;;TA/244200/2024/0005/022;ABS;3/08/2024;3/08/2024;3/08/2027;3;;2800,00;33,3333333333333; 	2 380 000,00 FC ;8;5;;0,00;; 	330 555,56 FC ;330 555,56;2 049 444,44;1,03; 	2 451 400,00 FC ; 	71 400,00 FC ; 	340 472,22 FC ; 	9 916,67 FC ;0; 	61 483,33 FC ;
2;Extender ;244200;MATERIEL INFORMATIQUE ;INFORMATIQUE;;TA/244200/2024/0005/023;ABS;3/08/2024;3/08/2024;3/08/2027;3;;2800,00;33,3333333333333; 	2 380 000,00 FC ;8;5;;0,00;; 	330 555,56 FC ;330 555,56;2049444,44444445;1,03; 	2 451 400,00 FC ; 	71 400,00 FC ; 	340 472,22 FC ; 	9 916,67 FC ;0; 	61 483,33 FC ;
3;Extender ;244200;MATERIEL INFORMATIQUE ;COMMUNICATION ;;TA/244200/2024/0007/012;ABS;3/08/2024;3/08/2024;3/08/2027;3;;2800,00;33,3333333333333; 	2 380 000,00 FC ;8;5;;0,00;; 	330 555,56 FC ;330 555,56;2049444,44444445;1,03; 	2 451 400,00 FC ; 	71 400,00 FC ; 	340 472,22 FC ; 	9 916,67 FC ;0; 	61 483,33 FC ;
4;Extender ;244200;MATERIEL INFORMATIQUE ;COMMUNICATION ;;TA/244200/2024/0007/013;ABS;3/08/2024;3/08/2024;3/08/2027;3;;2800,00;33,3333333333333; 	2 380 000,00 FC ;8;5;;0,00;; 	330 555,56 FC ;330 555,56;2049444,44444445;1,03; 	2 451 400,00 FC ; 	71 400,00 FC ; 	340 472,22 FC ; 	9 916,67 FC ;0; 	61 483,33 FC ;
5;Extender ;244200;MATERIEL INFORMATIQUE ;COMMUNICATION ;;TA/244200/2024/0007/014;ABS;3/08/2024;3/08/2024;3/08/2027;3;;2800,00;33,3333333333333; 	2 380 000,00 FC ;8;5;;0,00;; 	330 555,56 FC ;330 555,56;2049444,44444445;1,03; 	2 451 400,00 FC ; 	71 400,00 FC ; 	340 472,22 FC ; 	9 916,67 FC ;0; 	61 483,33 FC ;
6;CAMERA SONY A 6700;244200;MATERIEL INFORMATIQUE ;COMMUNICATION ;;TA/244200/2024/0007/015;ABS;8/08/2024;8/08/2024;8/08/2027;3;;2800,00;33,3333333333333; 	8 031 300,00 FC ;8;5;;0,00;; 	1 115 458,33 FC ;1 115 458,33;6915841,66666667;1,03; 	8 272 239,00 FC ; 	240 939,00 FC ; 	1 148 922,08 FC ; 	33 463,75 FC ;0; 	207 475,25 FC ;
;SUMI V2 PRO ZIRELESS DATA POS;244200;MATERIEL INFORMATIQUE;INFORMATIQUE;;;ABS;3/08/2024;3/08/2024;3/08/2029;3;;2800,00;33,3333333333333; 	1 344 000,00 FC ;8;5;;0,00;; 	186 666,67 FC ;186 666,67;1157333,33333333;1,03; 	1 384 320,00 FC ; 	40 320,00 FC ; 	192 266,67 FC ; 	5 600,00 FC ;0; 	34 720,00 FC ;
;SUMI V2 PRO ZIRELESS DATA POS;244200;MATERIEL INFORMATIQUE;INFORMATIQUE;;;ABS;3/08/2024;3/08/2023;3/08/2027; 3,00 ;;2800,00;33,3333333333333; 	1 344 000,00 FC ;8;5;;0,00;; 	186 666,67 FC ;186 666,67;1157333,33333333;1,03; 	1 384 320,00 FC ; 	40 320,00 FC ; 	192 266,67 FC ; 	5 600,00 FC ;0; 	34 720,00 FC ;
;SUMI V2 PRO ZIRELESS DATA POS;244200;MATERIEL INFORMATIQUE;INFORMATIQUE;;;ABS;3/08/2024;3/08/2024;3/08/2027;3;;2800,00;33,3333333333333; 	1 344 000,00 FC ;8;5;;0,00;; 	186 666,67 FC ;186 666,67;1157333,33333333;1,03; 	1 384 320,00 FC ; 	40 320,00 FC ; 	192 266,67 FC ; 	5 600,00 FC ;0; 	34 720,00 FC ;
;SUMI V2 PRO ZIRELESS DATA POS;244200;MATERIEL INFORMATIQUE;INFORMATIQUE;;;ABS;3/08/2024;3/08/2024;3/08/2027;3;;2800,00;33,3333333333333; 	1 344 000,00 FC ;8;5;;0,00;; 	186 666,67 FC ;186 666,67;1157333,33333333;1,03; 	1 384 320,00 FC ; 	40 320,00 FC ; 	192 266,67 FC ; 	5 600,00 FC ;0; 	34 720,00 FC ;
;SUMI V2 PRO ZIRELESS DATA POS;244200;MATERIEL INFORMATIQUE;INFORMATIQUE;;;ABS;3/08/2024;3/08/2024;3/08/2027;3;;2800,00;33,3333333333333; 	1 344 000,00 FC ;8;5;;0,00;; 	186 666,67 FC ;186 666,67;1157333,33333333;1,03; 	1 384 320,00 FC ; 	40 320,00 FC ; 	192 266,67 FC ; 	5 600,00 FC ;0; 	34 720,00 FC ;
;SUMI V2 PRO ZIRELESS DATA POS;244200;MATERIEL INFORMATIQUE;INFORMATIQUE;;;ABS;3/08/2024;3/08/2024;3/08/2027;3;;2800,00;33,3333333333333; 	1 344 000,00 FC ;8;5;;0,00;; 	186 666,67 FC ;186 666,67;1157333,33333333;1,03; 	1 384 320,00 FC ; 	40 320,00 FC ; 	192 266,67 FC ; 	5 600,00 FC ;0; 	34 720,00 FC ;
;SUMI V2 PRO ZIRELESS DATA POS;244200;MATERIEL INFORMATIQUE;INFORMATIQUE;;;ABS;3/08/2024;3/08/2024;3/08/2027;3;;2800,00;33,3333333333333; 	1 344 000,00 FC ;8;5;;0,00;; 	186 666,67 FC ;186 666,67;1157333,33333333;1,03; 	1 384 320,00 FC ; 	40 320,00 FC ; 	192 266,67 FC ; 	5 600,00 FC ;0; 	34 720,00 FC ;
;SUMI V2 PRO ZIRELESS DATA POS;244200;MATERIEL INFORMATIQUE;INFORMATIQUE;;;ABS;3/08/2024;3/08/2024;3/08/2027;3;;2800,00;33,3333333333333; 	1 344 000,00 FC ;8;5;;0,00;; 	186 666,67 FC ;186 666,67;1157333,33333333;1,03; 	1 384 320,00 FC ; 	40 320,00 FC ; 	192 266,67 FC ; 	5 600,00 FC ;0; 	34 720,00 FC ;
;SUMI V2 PRO ZIRELESS DATA POS;244200;MATERIEL INFORMATIQUE;INFORMATIQUE;;;ABS;3/08/2024;3/08/2024;3/08/2027;3;;2800,00;33,3333333333333; 	1 344 000,00 FC ;8;5;;0,00;; 	186 666,67 FC ;186 666,67;1157333,33333333;1,03; 	1 384 320,00 FC ; 	40 320,00 FC ; 	192 266,67 FC ; 	5 600,00 FC ;0; 	34 720,00 FC ;
;SUMI V2 PRO ZIRELESS DATA POS;244200;MATERIEL INFORMATIQUE;INFORMATIQUE;;;ABS;3/08/2024;3/08/2024;3/08/2027;3;;2800,00;33,3333333333333; 	1 344 000,00 FC ;8;5;;0,00;; 	186 666,67 FC ;186 666,67;1157333,33333333;1,03; 	1 384 320,00 FC ; 	40 320,00 FC ; 	192 266,67 FC ; 	5 600,00 FC ;0; 	34 720,00 FC ;
;ZOOM HANDY RECOVER ;244200;MATERIEL INFORMATIQUE;INFORMATIQUE;;;ABS;3/08/2024;3/08/2024;3/08/2027;3;;2800,00;33,3333333333333; 	756 000,00 FC ;8;5;;0,00;; 	105 000,00 FC ;105 000,00;651000;1,03; 	778 680,00 FC ; 	22 680,00 FC ; 	108 150,00 FC ; 	3 150,00 FC ;0; 	19 530,00 FC ;
;ZOOM HANDY RECOVER ;244200;MATERIEL INFORMATIQUE;INFORMATIQUE;;;ABS;3/08/2024;3/08/2024;3/08/2027;3;;2800,00;33,3333333333333; 	756 000,00 FC ;8;5;;0,00;; 	105 000,00 FC ;105 000,00;651000;1,03; 	778 680,00 FC ; 	22 680,00 FC ; 	108 150,00 FC ; 	3 150,00 FC ;0; 	19 530,00 FC ;
;GODOX KIT TTL V1;244200;MATERIEL INFORMATIQUE;INFORMATIQUE;;;ABS;3/08/2024;3/08/2024;3/08/2027;3;;2800,00;33,3333333333333; 	1 008 000,00 FC ;8;5;;0,00;; 	140 000,00 FC ;140 000,00;868000;1,03; 	1 038 240,00 FC ; 	30 240,00 FC ; 	144 200,00 FC ; 	4 200,00 FC ;0; 	26 040,00 FC ;
;WIRELESS PRO COMPACT MIVROPHONE ;244200;MATERIEL INFORMATIQUE;INFORMATIQUE;;;ABS;3/08/2024;3/08/2024;3/08/2027;3;;2800,00;33,3333333333333; 	2 184 000,00 FC ;8;5;;0,00;; 	303 333,33 FC ;303 333,33;1880666,66666667;1,03; 	2 249 520,00 FC ; 	65 520,00 FC ; 	312 433,33 FC ; 	9 100,00 FC ;0; 	56 420,00 FC ;
;WIRELESS PRO COMPACT MIVROPHONE ;244200;MATERIEL INFORMATIQUE;INFORMATIQUE;;;ABS;3/08/2024;3/08/2024;3/08/2027;3;;2800,00;33,3333333333333; 	2 184 000,00 FC ;8;5;;0,00;; 	303 333,33 FC ;303 333,33;1880666,66666667;1,03; 	2 249 520,00 FC ; 	65 520,00 FC ; 	312 433,33 FC ; 	9 100,00 FC ;0; 	56 420,00 FC ;
;FIREWAY M40;244200;MATERIEL INFORMATIQUE;INFORMATIQUE;;;ABS;3/08/2024;3/08/2024;3/08/2027;3;;2800,00;33,3333333333333; 	532 000,00 FC ;8;5;;0,00;; 	73 888,89 FC ;73 888,89;458111,111111111;1,03; 	547 960,00 FC ; 	15 960,00 FC ; 	76 105,56 FC ; 	2 216,67 FC ;0; 	13 743,33 FC ;
;SUPPORT PROFESSIONNEL POUR CAMERA;244200;MATERIEL INFORMATIQUE;INFORMATIQUE;;;ABS;3/08/2024;3/08/2024;3/08/2027;3;;2800,00;33,3333333333333; 	3 780 000,00 FC ;8;5;;0,00;; 	525 000,00 FC ;525 000,00;3255000;1,03; 	3 893 400,00 FC ; 	113 400,00 FC ; 	540 750,00 FC ; 	15 750,00 FC ;0; 	97 650,00 FC ;
;TOTAL MATERIEL INFORMATIQUE;;;;;;;;;;;;;;;;;66 171 600,80;66 171 600,80;132 343 201,61;73398003,5808081;139 569 604,38;112 503 498,03;27,9; 	277 501 627,70 FC ; 	25 428 525,29 FC ; 	155 667 580,66 FC ; 	16 097 976,28 FC ;0; 	9 330 549,01 FC ;
;;244400;MOBILIER DE BUREAU ;;;;;31/12/2022;31/12/2022;31/12/2033;10;;;10; 	151 568 930,00 FC ;12;1;15 156 893,00;15 156 893,00;136 412 037,00; 	15 156 893,00 FC ;30 313 786,00;121 255 144,00;1,12; 	169 757 201,60 FC ; 	18 188 271,60 FC ; 	33 951 440,32 FC ; 	3 637 654,32 FC ;; 	14 550 617,28 FC ;
7;Armoire en Bois ;244400;MOBILIER DE BUREAU ;SEC DIR FINANCIER ;;TA/244400/2023/4001/006;NZUZI KHONDE;23/04/2024;23/04/2024;23/04/2027;10;;;10; 	533 250,00 FC ;4;9;;0,00;; 	39 993,75 FC ;39 993,75;493 256,25;1,08; 	575 910,00 FC ; 	42 660,00 FC ; 	43 193,25 FC ; 	3 199,50 FC ;0; 	39 460,50 FC ;
8;Fauteuil DG Special Office chair 69*66,5*122.5 brown PU;244400;MOBILIER DE BUREAU ;BUREAU DG;;TA/244400/2024/0010/003;DREAMS;8/08/2024;8/08/2024;8/08/2027;10;;2800,00;10; 	770 000,00 FC ;8;5;;0,00;; 	32 083,33 FC ;32 083,33;737916,666666667;1,03; 	793 100,00 FC ; 	23 100,00 FC ; 	33 045,83 FC ; 	962,50 FC ;0; 	22 137,50 FC ;
9;Fauteuil DG Special Office chair 69*66,5*122.5 brown PU;244400;MOBILIER DE BUREAU ;BUREAU DG;;;DREAMS;8/08/2024;8/08/2024;8/08/2027;10;;2800,00;10; 	770 000,00 FC ;8;5;;0,00;; 	32 083,33 FC ;32 083,33;737916,666666667;1,03; 	793 100,00 FC ; 	23 100,00 FC ; 	33 045,83 FC ; 	962,50 FC ;0; 	22 137,50 FC ;
10;Table de bureau;244400;MOBILIER DE BUREAU ;BUREAU DG;;;DREAMS;8/08/2024;8/08/2024;8/08/2027;10;;2800,00;10; 	238 000,00 FC ;8;5;;0,00;; 	9 916,67 FC ;9 916,67;228083,333333333;1,03; 	245 140,00 FC ; 	7 140,00 FC ; 	10 214,17 FC ; 	297,50 FC ;0; 	6 842,50 FC ;
11;Table de bureau;244400;MOBILIER DE BUREAU ;BUREAU DG;;;DREAMS;8/08/2024;8/08/2024;8/08/2027;10;;2800,00;10; 	238 000,00 FC ;8;5;;0,00;; 	9 916,67 FC ;9 916,67;228083,333333333;1,03; 	245 140,00 FC ; 	7 140,00 FC ; 	10 214,17 FC ; 	297,50 FC ;0; 	6 842,50 FC ;
12;Fauteuil de Bureau PU CLR BLACK (2CL=3AC) (T26);244400;MOBILIER DE BUREAU ;BUREAU DG;;TA/244400/2024/0010/004;DREAMS;8/08/2024;8/08/2024;8/08/2027;10;;2800,00;10; 	378 000,00 FC ;8;5;;0,00;; 	15 750,00 FC ;15 750,00;362250;1,03; 	389 340,00 FC ; 	11 340,00 FC ; 	16 222,50 FC ; 	472,50 FC ;0; 	10 867,50 FC ;
13;split12000 BTU OCEAN;244400;MOBILIER DE BUREAU ;BUREAU AP;;;STE PROTEK sarl;11/11/2024;11/11/2024;11/11/2026;10;;;10; 	1 052 650,00 FC ;11;2;;0,00;; 	17 544,17 FC ;17 544,17;1035105,83333333;1,03; 	1 084 229,50 FC ; 	31 579,50 FC ; 	18 070,49 FC ; 	526,33 FC ;0; 	31 053,18 FC ;
14;Armoire en Bois ;244400;MOBILIER DE BUREAU ;BUREAU DIRECTEUR DES OPERATION ;;TA/244400/2023/1007/001;NZUZI KHONDE;23/04/2024;23/04/2024;23/04/2027;10;;;10; 	533 250,00 FC ;4;9;;0,00;; 	39 993,75 FC ;39 993,75;493256,25;1,08; 	575 910,00 FC ; 	42 660,00 FC ; 	43 193,25 FC ; 	3 199,50 FC ;0; 	39 460,50 FC ;
16;Armoire en Bois ;244400;MOBILIER DE BUREAU ;SERVICE DE COMPT ET FISC;;TA/244400/2023/4002/004;NZUZI KHONDE;23/04/2024;23/04/2024;23/04/2027;10;;;10; 	533 250,00 FC ;4;9;;0,00;; 	39 993,75 FC ;39 993,75;493256,25;1,08; 	575 910,00 FC ; 	42 660,00 FC ; 	43 193,25 FC ; 	3 199,50 FC ;0; 	39 460,50 FC ;
17;Armoire en Bois ;244400;MOBILIER DE BUREAU ;SERVICE DE COMPT ET FISC;;TA/244400/2023/4002/005;NZUZI KHONDE;23/04/2024;23/04/2024;23/04/2027;10;;;10; 	533 250,00 FC ;4;9;;0,00;; 	39 993,75 FC ;39 993,75;493256,25;1,08; 	575 910,00 FC ; 	42 660,00 FC ; 	43 193,25 FC ; 	3 199,50 FC ;0; 	39 460,50 FC ;
18;Armoire en Bois ;244400;MOBILIER DE BUREAU ;SERVICE DE COMPT ET FISC;;TA/244400/2023/4002/006;NZUZI KHONDE;23/04/2024;23/04/2024;23/04/2027;10;;;10; 	533 250,00 FC ;4;9;;0,00;; 	39 993,75 FC ;39 993,75;493256,25;1,08; 	575 910,00 FC ; 	42 660,00 FC ; 	43 193,25 FC ; 	3 199,50 FC ;0; 	39 460,50 FC ;
19;Split Hisenses ;244400;MOBILIER DE BUREAU ;SERVICE DE COMPT ET FISC;;TA/244400/2023/4002/007;SAMY TECH;1/04/2024;5/04/2024;5/04/2027;10;;;10; 	997 500,00 FC ;4;9;;0,00;; 	74 812,50 FC ;74 812,50;922687,5;1,08; 	1 077 300,00 FC ; 	79 800,00 FC ; 	80 797,50 FC ; 	5 985,00 FC ;0; 	73 815,00 FC ;
20;Armoire en Bois ;244400;MOBILIER DE BUREAU ;SERVICE DE TRESORERIE ;;TA/244400/2023/4003/012;NZUZI KHONDE;23/04/2024;23/04/2024;23/04/2027;10;;;10; 	533 250,00 FC ;4;9;;0,00;; 	39 993,75 FC ;39 993,75;493256,25;1,08; 	575 910,00 FC ; 	42 660,00 FC ; 	43 193,25 FC ; 	3 199,50 FC ;0; 	39 460,50 FC ;
21;Armoire en Bois ;244400;MOBILIER DE BUREAU ;SERVICE DE TRESORERIE ;;TA/244400/2023/4003/013;NZUZI KHONDE;23/04/2024;23/04/2024;23/04/2027;10;;;10; 	533 250,00 FC ;4;9;;0,00;; 	39 993,75 FC ;39 993,75;493256,25;1,08; 	575 910,00 FC ; 	42 660,00 FC ; 	43 193,25 FC ; 	3 199,50 FC ;0; 	39 460,50 FC ;
22;Armoire en Bois ;244400;MOBILIER DE BUREAU ;BUREAU DIRECTEUR FINANCIER ;;TA/244400/2023/4005/001;NZUZI KHONDE;23/04/2024;23/04/2024;23/04/2027;10;;;10; 	533 250,00 FC ;4;9;;0,00;; 	39 993,75 FC ;39 993,75;493256,25;1,08; 	575 910,00 FC ; 	42 660,00 FC ; 	43 193,25 FC ; 	3 199,50 FC ;0; 	39 460,50 FC ;
23;Armoire en Bois ;244400;MOBILIER DE BUREAU ;BUREAU DIRECTEUR FINANCIER ;;TA/244400/2023/4005/002;NZUZI KHONDE;23/04/2024;23/04/2024;23/04/2027;10;;;10; 	533 250,00 FC ;4;9;;0,00;; 	39 993,75 FC ;39 993,75;493256,25;1,08; 	575 910,00 FC ; 	42 660,00 FC ; 	43 193,25 FC ; 	3 199,50 FC ;0; 	39 460,50 FC ;
24;Armoire en Bois ;244400;MOBILIER DE BUREAU ;BUREAU DIRECTEUR FINANCIER ;;TA/244400/2023/4005/003;NZUZI KHONDE;23/04/2024;23/04/2024;23/04/2027;10;;;10; 	533 250,00 FC ;4;9;;0,00;; 	39 993,75 FC ;39 993,75;493256,25;1,08; 	575 910,00 FC ; 	42 660,00 FC ; 	43 193,25 FC ; 	3 199,50 FC ;0; 	39 460,50 FC ;
25;Table Noir;244400;MOBILIER DE BUREAU ;ETUDE ET PROGET ;;TA/244400/2023/2004/001;HORS BUSINESS;3/10/2024;3/10/2024;3/10/2027;10;;;10; 	464 000,00 FC ;10;3;;0,00;; 	11 600,00 FC ;11 600,00;452400;1,03; 	477 920,00 FC ; 	13 920,00 FC ; 	11 948,00 FC ; 	348,00 FC ;0; 	13 572,00 FC ;
26;Table Noir;244400;MOBILIER DE BUREAU ;ETUDE ET PROGET ;;TA/244400/2023/2004/002;HORS BUSINESS;3/10/2024;3/10/2024;3/10/2027;10;;;10; 	464 000,00 FC ;10;3;;0,00;; 	11 600,00 FC ;11 600,00;452400;1,03; 	477 920,00 FC ; 	13 920,00 FC ; 	11 948,00 FC ; 	348,00 FC ;0; 	13 572,00 FC ;
27;Table Noir;244400;MOBILIER DE BUREAU ;ETUDE ET PROGET ;;TA/244400/2023/2004/003;HORS BUSINESS;3/10/2024;3/10/2024;3/10/2027;10;;;10; 	464 000,00 FC ;10;3;;0,00;; 	11 600,00 FC ;11 600,00;452400;1,03; 	477 920,00 FC ; 	13 920,00 FC ; 	11 948,00 FC ; 	348,00 FC ;0; 	13 572,00 FC ;
28;Chaise bureau black (2CL=3AC) (T26);244400;MOBILIER DE BUREAU ;ETUDE ET PROGET ;;TA/244400/2023/2004/004;HORS BUSINESS;3/10/2024;3/10/2024;3/10/2027;10;;;10; 	275 500,00 FC ;10;3;;0,00;; 	6 887,50 FC ;6 887,50;268612,5;1,03; 	283 765,00 FC ; 	8 265,00 FC ; 	7 094,13 FC ; 	206,63 FC ;0; 	8 058,38 FC ;
29;Chaise bureau black (2CL=3AC) (T26);244400;MOBILIER DE BUREAU ;ETUDE ET PROGET ;;TA/244400/2023/2004/005;HORS BUSINESS;3/10/2024;3/10/2024;3/10/2027;10;;;10; 	275 500,00 FC ;10;3;;0,00;; 	6 887,50 FC ;6 887,50;268 612,50;1,03; 	283 765,00 FC ; 	8 265,00 FC ; 	7 094,13 FC ; 	206,63 FC ;0; 	8 058,38 FC ;
30;Chaise bureau black (2CL=3AC) (T26);244400;MOBILIER DE BUREAU ;ETUDE ET PROGET ;;TA/244400/2023/2004/006;HORS BUSINESS;3/10/2024;3/10/2024;3/10/2027;10;;;10; 	275 500,00 FC ;10;3;;0,00;; 	6 887,50 FC ;6 887,50;268 612,50;1,03; 	283 765,00 FC ; 	8 265,00 FC ; 	7 094,13 FC ; 	206,63 FC ;0; 	8 058,38 FC ;
;MATERIEL INDUSTRIEL;;;;;;;;;;;;;;;;;;;;;;;;;;;;;;
1;Groupe Electrogene 10KVA;241100;MATERIEL INDUSTRIEL;DIRECTION GENERAL;;;PIECE AUTO;13/12/2024;13/12/2024;13/12/2029;5;7 049,46;2 830,00;20;19 950 000,00;12;1;;0,00;; 	332 500,00 FC ;332 500,00;19 617 500,00;1; 	19 950 000,00 FC ; 	-   FC ; 	332 500,00 FC ; 	-   FC ;0; 	-   FC ;
;TOTAL MOBILIER DU BUREAU et INDUSTRIEL;;;;;;;;;;;;;;;;;15 156 893,00;15 156 893,00;; 	16 136 899,67 FC ; 	31 293 792,67 FC ; 	152 220 287,34 FC ; 	26,36 FC ; 	202 378 706,10 FC ; 	18 864 626,10 FC ; 	34 974 609,69 FC ; 	3 680 817,02 FC ; 	-   FC ; 	15 183 809,08 FC ;
;TVS MOTO;245100;MATERIEL DE TRANSPORT;;;;;31/12/2022;31/12/2022;31/12/2027;5;;;20;10 166 617,00;;; 	2 033 323,40 FC ; 	2 033 323,40 FC ;8 133 293,60; 	2 033 323,40 FC ;4 066 646,80;6 099 970,20;1,12; 	11 386 611,04 FC ; 	1 219 994,04 FC ; 	4 554 644,42 FC ; 	487 997,62 FC ;0; 	731 996,42 FC ;
1;TOYOTA V8;245100;MATERIEL DE TRANSPORT;Direction General ;JTMAA7BJ804047060;TA/245100/2024/0010/001;CFAO;1/08/2024;1/08/2024;1/08/2029;5;191640,78;2800;20;536 678 499,84;8;5;0;;; 	44 723 208,32 FC ;44 723 208,32;491 955 291,52;1,03; 	552 778 854,84 FC ; 	16 100 355,00 FC ; 	46 064 904,57 FC ; 	1 341 696,25 FC ;0; 	14 758 658,75 FC ;
2;TOYOTA V8;245100;MATERIEL DE TRANSPORT;Direction General ;JTMAA7BJ404061442;TA/245100/2024/0011/001;CFAO;1/08/2024;1/08/2024;1/08/2029;5;191640,78;2800;20;536 678 499,84;8;5;0;;; 	44 723 208,32 FC ;44 723 208,32;491 955 291,52;1,03; 	552 778 854,84 FC ; 	16 100 355,00 FC ; 	46 064 904,57 FC ; 	1 341 696,25 FC ;0; 	14 758 658,75 FC ;
3;TOYOTA PICK UP;245100;MATERIEL DE TRANSPORT;PCA;MR0DB8CD900193985;TA/245100/2024/PCA/001;CFAO;1/08/2024;1/08/2024;1/08/2029;5;191640,78;2800;20;536 678 499,84;8;5;0;;; 	44 723 208,32 FC ;44 723 208,32;491 955 291,52;1,03; 	552 778 854,84 FC ; 	16 100 355,00 FC ; 	46 064 904,57 FC ; 	1 341 696,25 FC ;0; 	14 758 658,75 FC ;
4;TOYOTA V8;245100;MATERIEL DE TRANSPORT;Direction des Techniques;JTMAA7BJ704061466;TA/245100/2024/1005/001;CFAO;1/08/2024;1/08/2024;1/08/2029;5;61952;2800;20;173 542 100,48;8;5;0;;; 	14 461 841,71 FC ;14 461 841,71;159 080 258,77;1,03; 	178 748 363,49 FC ; 	5 206 263,01 FC ; 	14 895 696,96 FC ; 	433 855,25 FC ;0; 	4 772 407,76 FC ;
1;TVS MOTO;245100;MATERIEL DE TRANSPORT;COURRIER ;MD625NF56NAG19371;TA/245100/2024/0008/001;;21/06/2024;21/06/2024;21/06/2029;5;1340;2700;20;3 618 000,00;6;7;0;;; 	422 100,00 FC ;422 100,00;3 195 900,00;1,03; 	3 726 540,00 FC ; 	108 540,00 FC ; 	434 763,00 FC ; 	12 663,00 FC ;0; 	95 877,00 FC ;
2;TVS MOTO;245100;MATERIEL DE TRANSPORT;COURRIER ;MD625NF56N1K00529;TA/245100/2024/0008/002;;8/06/2024;8/06/2024;8/06/2029;5;1340;2700;20;3 618 000,00;6;7;0;;; 	422 100,00 FC ;422 100,00;3 195 900,00;1,03; 	3 726 540,00 FC ; 	108 540,00 FC ; 	434 763,00 FC ; 	12 663,00 FC ;0; 	95 877,00 FC ;
3;TVS MOTO;245100;MATERIEL DE TRANSPORT;PCA;;TA/245100/2024/PCA/002;;15/07/2023;21/07/2023;;5;1 437,05;2365,95;20;3 400 000,00;12;1;680 000,00;680 000,00;2 720 000,00; 	680 000,00 FC ; 	1 360 000,00 FC ; 	2 040 000,00 FC ;1,17; 	3 978 000,00 FC ; 	578 000,00 FC ; 	1 591 200,00 FC ; 	231 200,00 FC ;0; 	346 800,00 FC ;
4;TVS MOTO;245100;MATERIEL DE TRANSPORT;CONTROLLEUR ;MD625NF      N1K00476;TA/245100/2024/2006/001;;15/07/1905;1/03/2023;;5;1 500,00;2365,95;20;3 548 925,00;12;1;709 785,00;709 785,00;2 839 140,00; 	709 785,00 FC ; 	1 419 570,00 FC ; 	2 129 355,00 FC ;1,3; 	4 613 602,50 FC ; 	1 064 677,50 FC ; 	1 845 441,00 FC ; 	425 871,00 FC ;0; 	638 806,50 FC ;
5;TVS MOTO;245100;MATERIEL DE TRANSPORT;CONTROLLEUR ;;TA/245100/2024/2006/002;;15/07/1905;13/03/2023;;5;1 360,00;2365,95;20;3 217 692,00;12;1;643 538,40;643 538,40;2 574 153,60; 	643 538,40 FC ; 	1 287 076,80 FC ; 	1 930 615,20 FC ;1,3; 	4 182 999,60 FC ; 	965 307,60 FC ; 	1 673 199,84 FC ; 	386 123,04 FC ;0; 	579 184,56 FC ;
1;ANKAII AUTOBUS ;245100;MATERIEL DE TRANSPORT;OPERATION;LA83G2ME6NA500754;TA/245100/2022/2001/001;C2 Stars & Sumec Hong Kong  Compagny;6/03/2023;6/03/2023;6/03/2028;5;141 567,00;2 365,95;20;334 940 443,65;3;10;66 988 088,73;66 988 088,73;267 952 354,92; 	66 988 088,73 FC ; 	133 976 177,46 FC ; 	200 964 266,19 FC ;1,3; 	435 422 576,75 FC ; 	100 482 133,10 FC ; 	174 169 030,70 FC ; 	40 192 853,24 FC ;0; 	60 289 279,86 FC ;
2;ANKAII AUTOBUS ;245100;MATERIEL DE TRANSPORT;OPERATION;LA83G2ME8NA500724;TA/245100/2022/2001/002;C2 Stars & Sumec Hong Kong  Compagny;6/03/2023;6/03/2023;6/03/2028;5;141 567,00;2 365,95;20;334 940 443,65;3;10;66 988 088,73;66 988 088,73;267 952 354,92; 	66 988 088,73 FC ; 	133 976 177,46 FC ; 	200 964 266,19 FC ;1,3; 	435 422 576,75 FC ; 	100 482 133,10 FC ; 	174 169 030,70 FC ; 	40 192 853,24 FC ;0; 	60 289 279,86 FC ;
3;ANKAII AUTOBUS ;245100;MATERIEL DE TRANSPORT;OPERATION;LA83G2ME1NA500709;TA/245100/2022/2001/003;C2 Stars & Sumec Hong Kong  Compagny;6/03/2023;6/03/2023;6/03/2028;5;141 567,00;2 365,95;20;334 940 443,65;3;10;66 988 088,73;66 988 088,73;267 952 354,92; 	66 988 088,73 FC ; 	133 976 177,46 FC ; 	200 964 266,19 FC ;1,3; 	435 422 576,75 FC ; 	100 482 133,10 FC ; 	174 169 030,70 FC ; 	40 192 853,24 FC ;0; 	60 289 279,86 FC ;
4;ANKAII AUTOBUS ;245100;MATERIEL DE TRANSPORT;OPERATION;LA83G2ME8NA500738;TA/245100/2022/2001/004;C2 Stars & Sumec Hong Kong  Compagny;6/03/2023;6/03/2023;6/03/2028;5;141 567,00;2 365,95;20;334 940 443,65;3;10;66 988 088,73;66 988 088,73;267 952 354,92; 	66 988 088,73 FC ; 	133 976 177,46 FC ; 	200 964 266,19 FC ;1,3; 	435 422 576,75 FC ; 	100 482 133,10 FC ; 	174 169 030,70 FC ; 	40 192 853,24 FC ;0; 	60 289 279,86 FC ;
5;ANKAII AUTOBUS ;245100;MATERIEL DE TRANSPORT;OPERATION;LA83G2ME3NA500727;TA/245100/2022/2001/005;C2 Stars & Sumec Hong Kong  Compagny;6/03/2023;6/03/2023;6/03/2028;5;141 567,00;2 365,95;20;334 940 443,65;3;10;66 988 088,73;66 988 088,73;267 952 354,92; 	66 988 088,73 FC ; 	133 976 177,46 FC ; 	200 964 266,19 FC ;1,3; 	435 422 576,75 FC ; 	100 482 133,10 FC ; 	174 169 030,70 FC ; 	40 192 853,24 FC ;0; 	60 289 279,86 FC ;
6;ANKAII AUTOBUS ;245100;MATERIEL DE TRANSPORT;OPERATION;LA83G2ME6NA500723;TA/245100/2022/2001/006;C2 Stars & Sumec Hong Kong  Compagny;6/03/2023;6/03/2023;6/03/2028;5;141 567,00;2 365,95;20;334 940 443,65;3;10;66 988 088,73;66 988 088,73;267 952 354,92; 	66 988 088,73 FC ; 	133 976 177,46 FC ; 	200 964 266,19 FC ;1,3; 	435 422 576,75 FC ; 	100 482 133,10 FC ; 	174 169 030,70 FC ; 	40 192 853,24 FC ;0; 	60 289 279,86 FC ;
7;ANKAII AUTOBUS ;245100;MATERIEL DE TRANSPORT;OPERATION;LA83G2ME1NA500726;TA/245100/2022/2001/007;C2 Stars & Sumec Hong Kong  Compagny;6/03/2023;6/03/2023;6/03/2028;5;141 567,00;2 365,95;20;334 940 443,65;3;10;66 988 088,73;66 988 088,73;267 952 354,92; 	66 988 088,73 FC ; 	133 976 177,46 FC ; 	200 964 266,19 FC ;1,3; 	435 422 576,75 FC ; 	100 482 133,10 FC ; 	174 169 030,70 FC ; 	40 192 853,24 FC ;0; 	60 289 279,86 FC ;
8;ANKAII AUTOBUS ;245100;MATERIEL DE TRANSPORT;OPERATION;LA83G2ME0NA500720;TA/245100/2022/2001/008;C2 Stars & Sumec Hong Kong  Compagny;6/03/2023;6/03/2023;6/03/2028;5;141 567,00;2 365,95;20;334 940 443,65;3;10;66 988 088,73;66 988 088,73;267 952 354,92; 	66 988 088,73 FC ; 	133 976 177,46 FC ; 	200 964 266,19 FC ;1,3; 	435 422 576,75 FC ; 	100 482 133,10 FC ; 	174 169 030,70 FC ; 	40 192 853,24 FC ;0; 	60 289 279,86 FC ;
9;ANKAII AUTOBUS ;245100;MATERIEL DE TRANSPORT;OPERATION;LA83G2ME6NA500740;TA/245100/2022/2001/009;C2 Stars & Sumec Hong Kong  Compagny;6/03/2023;6/03/2023;6/03/2028;5;141 567,00;2 365,95;20;334 940 443,65;3;10;66 988 088,73;66 988 088,73;267 952 354,92; 	66 988 088,73 FC ; 	133 976 177,46 FC ; 	200 964 266,19 FC ;1,3; 	435 422 576,75 FC ; 	100 482 133,10 FC ; 	174 169 030,70 FC ; 	40 192 853,24 FC ;0; 	60 289 279,86 FC ;
10;ANKAII AUTOBUS ;245100;MATERIEL DE TRANSPORT;OPERATION;LA83G2ME7NA500732;TA/245100/2022/2001/010;C2 Stars & Sumec Hong Kong  Compagny;6/03/2023;6/03/2023;6/03/2028;5;141 567,00;2 365,95;20;334 940 443,65;3;10;66 988 088,73;66 988 088,73;267 952 354,92; 	66 988 088,73 FC ; 	133 976 177,46 FC ; 	200 964 266,19 FC ;1,3; 	435 422 576,75 FC ; 	100 482 133,10 FC ; 	174 169 030,70 FC ; 	40 192 853,24 FC ;0; 	60 289 279,86 FC ;
11;ANKAII AUTOBUS ;245100;MATERIEL DE TRANSPORT;OPERATION;LA83G2ME4NA500722;TA/245100/2022/2001/011;C2 Stars & Sumec Hong Kong  Compagny;6/03/2023;6/03/2023;6/03/2028;5;141 567,00;2 365,95;20;334 940 443,65;3;10;66 988 088,73;66 988 088,73;267 952 354,92; 	66 988 088,73 FC ; 	133 976 177,46 FC ; 	200 964 266,19 FC ;1,3; 	435 422 576,75 FC ; 	100 482 133,10 FC ; 	174 169 030,70 FC ; 	40 192 853,24 FC ;0; 	60 289 279,86 FC ;
12;ANKAII AUTOBUS ;245100;MATERIEL DE TRANSPORT;OPERATION;LA83G2ME4NA500705;TA/245100/2022/2001/012;C2 Stars & Sumec Hong Kong  Compagny;6/03/2023;6/03/2023;6/03/2028;5;141 567,00;2 365,95;20;334 940 443,65;3;10;66 988 088,73;66 988 088,73;267 952 354,92; 	66 988 088,73 FC ; 	133 976 177,46 FC ; 	200 964 266,19 FC ;1,3; 	435 422 576,75 FC ; 	100 482 133,10 FC ; 	174 169 030,70 FC ; 	40 192 853,24 FC ;0; 	60 289 279,86 FC ;
13;ANKAII AUTOBUS ;245100;MATERIEL DE TRANSPORT;OPERATION;LA83G2ME2NA500752;TA/245100/2022/2001/013;C2 Stars & Sumec Hong Kong  Compagny;6/03/2023;6/03/2023;6/03/2028;5;141 567,00;2 365,95;20;334 940 443,65;3;10;66 988 088,73;66 988 088,73;267 952 354,92; 	66 988 088,73 FC ; 	133 976 177,46 FC ; 	200 964 266,19 FC ;1,3; 	435 422 576,75 FC ; 	100 482 133,10 FC ; 	174 169 030,70 FC ; 	40 192 853,24 FC ;0; 	60 289 279,86 FC ;
14;ANKAII AUTOBUS ;245100;MATERIEL DE TRANSPORT;OPERATION;LA83G2ME3NA500730;TA/245100/2022/2001/014;C2 Stars & Sumec Hong Kong  Compagny;6/03/2023;6/03/2023;6/03/2028;5;141 567,00;2 365,95;20;334 940 443,65;3;10;66 988 088,73;66 988 088,73;267 952 354,92; 	66 988 088,73 FC ; 	133 976 177,46 FC ; 	200 964 266,19 FC ;1,3; 	435 422 576,75 FC ; 	100 482 133,10 FC ; 	174 169 030,70 FC ; 	40 192 853,24 FC ;0; 	60 289 279,86 FC ;
15;ANKAII AUTOBUS ;245100;MATERIEL DE TRANSPORT;OPERATION;LA83G2ME1NA500743;TA/245100/2022/2001/015;C2 Stars & Sumec Hong Kong  Compagny;6/03/2023;6/03/2023;6/03/2028;5;141 567,00;2 365,95;20;334 940 443,65;3;10;66 988 088,73;66 988 088,73;267 952 354,92; 	66 988 088,73 FC ; 	133 976 177,46 FC ; 	200 964 266,19 FC ;1,3; 	435 422 576,75 FC ; 	100 482 133,10 FC ; 	174 169 030,70 FC ; 	40 192 853,24 FC ;0; 	60 289 279,86 FC ;
16;ANKAII AUTOBUS ;245100;MATERIEL DE TRANSPORT;OPERATION;LA83G2ME4NA500753;TA/245100/2022/2001/016;C2 Stars & Sumec Hong Kong  Compagny;6/03/2023;6/03/2023;6/03/2028;5;141 567,00;2 365,95;20;334 940 443,65;3;10;66 988 088,73;66 988 088,73;267 952 354,92; 	66 988 088,73 FC ; 	133 976 177,46 FC ; 	200 964 266,19 FC ;1,3; 	435 422 576,75 FC ; 	100 482 133,10 FC ; 	174 169 030,70 FC ; 	40 192 853,24 FC ;0; 	60 289 279,86 FC ;
17;ANKAII AUTOBUS ;245100;MATERIEL DE TRANSPORT;OPERATION;LA83G2ME7NA500763;TA/245100/2022/2001/017;C2 Stars & Sumec Hong Kong  Compagny;6/03/2023;6/03/2023;6/03/2028;5;141 567,00;2 365,95;20;334 940 443,65;3;10;66 988 088,73;66 988 088,73;267 952 354,92; 	66 988 088,73 FC ; 	133 976 177,46 FC ; 	200 964 266,19 FC ;1,3; 	435 422 576,75 FC ; 	100 482 133,10 FC ; 	174 169 030,70 FC ; 	40 192 853,24 FC ;0; 	60 289 279,86 FC ;
18;ANKAII AUTOBUS ;245100;MATERIEL DE TRANSPORT;OPERATION;LA83G2ME4NA500736;TA/245100/2022/2001/018;C2 Stars & Sumec Hong Kong  Compagny;6/03/2023;6/03/2023;6/03/2028;5;141 567,00;2 365,95;20;334 940 443,65;3;10;66 988 088,73;66 988 088,73;267 952 354,92; 	66 988 088,73 FC ; 	133 976 177,46 FC ; 	200 964 266,19 FC ;1,3; 	435 422 576,75 FC ; 	100 482 133,10 FC ; 	174 169 030,70 FC ; 	40 192 853,24 FC ;0; 	60 289 279,86 FC ;
19;ANKAII AUTOBUS ;245100;MATERIEL DE TRANSPORT;OPERATION;LA83G2ME2NA500749;TA/245100/2022/2001/019;C2 Stars & Sumec Hong Kong  Compagny;6/03/2023;6/03/2023;6/03/2028;5;141 567,00;2 365,95;20;334 940 443,65;3;10;66 988 088,73;66 988 088,73;267 952 354,92; 	66 988 088,73 FC ; 	133 976 177,46 FC ; 	200 964 266,19 FC ;1,3; 	435 422 576,75 FC ; 	100 482 133,10 FC ; 	174 169 030,70 FC ; 	40 192 853,24 FC ;0; 	60 289 279,86 FC ;
20;ANKAII AUTOBUS ;245100;MATERIEL DE TRANSPORT;OPERATION;LA83G2ME0NA500734;TA/245100/2022/2001/020;C2 Stars & Sumec Hong Kong  Compagny;6/03/2023;6/03/2023;6/03/2028;5;141 567,00;2 365,95;20;334 940 443,65;3;10;66 988 088,73;66 988 088,73;267 952 354,92; 	66 988 088,73 FC ; 	133 976 177,46 FC ; 	200 964 266,19 FC ;1,3; 	435 422 576,75 FC ; 	100 482 133,10 FC ; 	174 169 030,70 FC ; 	40 192 853,24 FC ;0; 	60 289 279,86 FC ;
21;ANKAII AUTOBUS ;245100;MATERIEL DE TRANSPORT;OPERATION;LA83G2ME8NA500691;TA/245100/2022/2001/021;C2 Stars & Sumec Hong Kong  Compagny;6/03/2023;6/03/2023;6/03/2028;5;141 567,00;2 365,95;20;334 940 443,65;3;10;66 988 088,73;66 988 088,73;267 952 354,92; 	66 988 088,73 FC ; 	133 976 177,46 FC ; 	200 964 266,19 FC ;1,3; 	435 422 576,75 FC ; 	100 482 133,10 FC ; 	174 169 030,70 FC ; 	40 192 853,24 FC ;0; 	60 289 279,86 FC ;
22;ANKAII AUTOBUS ;245100;MATERIEL DE TRANSPORT;OPERATION;LA83G2ME5NA500602;TA/245100/2022/2001/022;C2 Stars & Sumec Hong Kong  Compagny;6/03/2023;6/03/2023;6/03/2028;5;141 567,00;2 365,95;20;334 940 443,65;3;10;66 988 088,73;66 988 088,73;267 952 354,92; 	66 988 088,73 FC ; 	133 976 177,46 FC ; 	200 964 266,19 FC ;1,3; 	435 422 576,75 FC ; 	100 482 133,10 FC ; 	174 169 030,70 FC ; 	40 192 853,24 FC ;0; 	60 289 279,86 FC ;
23;ANKAII AUTOBUS ;245100;MATERIEL DE TRANSPORT;OPERATION;LA83G2ME6NA500706;TA/245100/2022/2001/023;C2 Stars & Sumec Hong Kong  Compagny;6/03/2023;6/03/2023;6/03/2028;5;141 567,00;2 365,95;20;334 940 443,65;3;10;66 988 088,73;66 988 088,73;267 952 354,92; 	66 988 088,73 FC ; 	133 976 177,46 FC ; 	200 964 266,19 FC ;1,3; 	435 422 576,75 FC ; 	100 482 133,10 FC ; 	174 169 030,70 FC ; 	40 192 853,24 FC ;0; 	60 289 279,86 FC ;
24;ANKAII AUTOBUS ;245100;MATERIEL DE TRANSPORT;OPERATION;LA83G2ME8NA500741;TA/245100/2022/2001/024;C2 Stars & Sumec Hong Kong  Compagny;6/03/2023;6/03/2023;6/03/2028;5;141 567,00;2 365,95;20;334 940 443,65;3;10;66 988 088,73;66 988 088,73;267 952 354,92; 	66 988 088,73 FC ; 	133 976 177,46 FC ; 	200 964 266,19 FC ;1,3; 	435 422 576,75 FC ; 	100 482 133,10 FC ; 	174 169 030,70 FC ; 	40 192 853,24 FC ;0; 	60 289 279,86 FC ;
25;ANKAII AUTOBUS ;245100;MATERIEL DE TRANSPORT;OPERATION;LA83G2ME8NA500772;TA/245100/2022/2001/025;C2 Stars & Sumec Hong Kong  Compagny;6/03/2023;6/03/2023;6/03/2028;5;141 567,00;2 365,95;20;334 940 443,65;3;10;66 988 088,73;66 988 088,73;267 952 354,92; 	66 988 088,73 FC ; 	133 976 177,46 FC ; 	200 964 266,19 FC ;1,3; 	435 422 576,75 FC ; 	100 482 133,10 FC ; 	174 169 030,70 FC ; 	40 192 853,24 FC ;0; 	60 289 279,86 FC ;
26;ANKAII AUTOBUS ;245100;MATERIEL DE TRANSPORT;OPERATION;LA83G2ME0NA500765;TA/245100/2022/2001/026;C2 Stars & Sumec Hong Kong  Compagny;6/03/2023;6/03/2023;6/03/2028;5;141 567,00;2 365,95;20;334 940 443,65;3;10;66 988 088,73;66 988 088,73;267 952 354,92; 	66 988 088,73 FC ; 	133 976 177,46 FC ; 	200 964 266,19 FC ;1,3; 	435 422 576,75 FC ; 	100 482 133,10 FC ; 	174 169 030,70 FC ; 	40 192 853,24 FC ;0; 	60 289 279,86 FC ;
27;ANKAII AUTOBUS ;245100;MATERIEL DE TRANSPORT;OPERATION;LA83G2ME7NA500777;TA/245100/2022/2001/027;C2 Stars & Sumec Hong Kong  Compagny;6/03/2023;6/03/2023;6/03/2028;5;141 567,00;2 365,95;20;334 940 443,65;3;10;66 988 088,73;66 988 088,73;267 952 354,92; 	66 988 088,73 FC ; 	133 976 177,46 FC ; 	200 964 266,19 FC ;1,3; 	435 422 576,75 FC ; 	100 482 133,10 FC ; 	174 169 030,70 FC ; 	40 192 853,24 FC ;0; 	60 289 279,86 FC ;
28;ANKAII AUTOBUS ;245100;MATERIEL DE TRANSPORT;OPERATION;LA83G2ME6NA500771;TA/245100/2022/2001/028;C2 Stars & Sumec Hong Kong  Compagny;6/03/2023;6/03/2023;6/03/2028;5;141 567,00;2 365,95;20;334 940 443,65;3;10;66 988 088,73;66 988 088,73;267 952 354,92; 	66 988 088,73 FC ; 	133 976 177,46 FC ; 	200 964 266,19 FC ;1,3; 	435 422 576,75 FC ; 	100 482 133,10 FC ; 	174 169 030,70 FC ; 	40 192 853,24 FC ;0; 	60 289 279,86 FC ;
29;ANKAII AUTOBUS ;245100;MATERIEL DE TRANSPORT;OPERATION;LA83G2ME2NA500766;TA/245100/2022/2001/029;C2 Stars & Sumec Hong Kong  Compagny;6/03/2023;6/03/2023;6/03/2028;5;141 567,00;2 365,95;20;334 940 443,65;3;10;66 988 088,73;66 988 088,73;267 952 354,92; 	66 988 088,73 FC ; 	133 976 177,46 FC ; 	200 964 266,19 FC ;1,3; 	435 422 576,75 FC ; 	100 482 133,10 FC ; 	174 169 030,70 FC ; 	40 192 853,24 FC ;0; 	60 289 279,86 FC ;
30;ANKAII AUTOBUS ;245100;MATERIEL DE TRANSPORT;OPERATION;LA83G2ME8NA500707;TA/245100/2022/2001/030;C2 Stars & Sumec Hong Kong  Compagny;6/03/2023;6/03/2023;6/03/2028;5;141 567,00;2 365,95;20;334 940 443,65;3;10;66 988 088,73;66 988 088,73;267 952 354,92; 	66 988 088,73 FC ; 	133 976 177,46 FC ; 	200 964 266,19 FC ;1,3; 	435 422 576,75 FC ; 	100 482 133,10 FC ; 	174 169 030,70 FC ; 	40 192 853,24 FC ;0; 	60 289 279,86 FC ;
31;ANKAII AUTOBUS ;245100;MATERIEL DE TRANSPORT;OPERATION;LA83G2MEXNA500756;TA/245100/2022/2001/031;C2 Stars & Sumec Hong Kong  Compagny;6/03/2023;6/03/2023;6/03/2028;5;141 567,00;2 365,95;20;334 940 443,65;3;10;66 988 088,73;66 988 088,73;267 952 354,92; 	66 988 088,73 FC ; 	133 976 177,46 FC ; 	200 964 266,19 FC ;1,3; 	435 422 576,75 FC ; 	100 482 133,10 FC ; 	174 169 030,70 FC ; 	40 192 853,24 FC ;0; 	60 289 279,86 FC ;
32;ANKAII AUTOBUS ;245100;MATERIEL DE TRANSPORT;OPERATION;LA83G2ME1NA500774;TA/245100/2022/2001/032;C2 Stars & Sumec Hong Kong  Compagny;6/03/2023;6/03/2023;6/03/2028;5;141 567,00;2 365,95;20;334 940 443,65;3;10;66 988 088,73;66 988 088,73;267 952 354,92; 	66 988 088,73 FC ; 	133 976 177,46 FC ; 	200 964 266,19 FC ;1,3; 	435 422 576,75 FC ; 	100 482 133,10 FC ; 	174 169 030,70 FC ; 	40 192 853,24 FC ;0; 	60 289 279,86 FC ;
33;ANKAII AUTOBUS ;245100;MATERIEL DE TRANSPORT;OPERATION;LA83G2MEXNA500708;TA/245100/2022/2001/033;C2 Stars & Sumec Hong Kong  Compagny;6/03/2023;6/03/2023;6/03/2028;5;141 567,00;2 365,95;20;334 940 443,65;3;10;66 988 088,73;66 988 088,73;267 952 354,92; 	66 988 088,73 FC ; 	133 976 177,46 FC ; 	200 964 266,19 FC ;1,3; 	435 422 576,75 FC ; 	100 482 133,10 FC ; 	174 169 030,70 FC ; 	40 192 853,24 FC ;0; 	60 289 279,86 FC ;
34;ANKAII AUTOBUS ;245100;MATERIEL DE TRANSPORT;OPERATION;LA83G2ME9NA500760;TA/245100/2022/2001/034;C2 Stars & Sumec Hong Kong  Compagny;6/03/2023;6/03/2023;6/03/2028;5;141 567,00;2 365,95;20;334 940 443,65;3;10;66 988 088,73;66 988 088,73;267 952 354,92; 	66 988 088,73 FC ; 	133 976 177,46 FC ; 	200 964 266,19 FC ;1,3; 	435 422 576,75 FC ; 	100 482 133,10 FC ; 	174 169 030,70 FC ; 	40 192 853,24 FC ;0; 	60 289 279,86 FC ;
35;ANKAII AUTOBUS ;245100;MATERIEL DE TRANSPORT;OPERATION;LA83G2ME6NA500768;TA/245100/2022/2001/035;C2 Stars & Sumec Hong Kong  Compagny;6/03/2023;6/03/2023;6/03/2028;5;141 567,00;2 365,95;20;334 940 443,65;3;10;66 988 088,73;66 988 088,73;267 952 354,92; 	66 988 088,73 FC ; 	133 976 177,46 FC ; 	200 964 266,19 FC ;1,3; 	435 422 576,75 FC ; 	100 482 133,10 FC ; 	174 169 030,70 FC ; 	40 192 853,24 FC ;0; 	60 289 279,86 FC ;
36;ANKAII AUTOBUS ;245100;MATERIEL DE TRANSPORT;OPERATION;LA83G2ME5NA500776;TA/245100/2022/2001/036;C2 Stars & Sumec Hong Kong  Compagny;6/03/2023;6/03/2023;6/03/2028;5;141 567,00;2 365,95;20;334 940 443,65;3;10;66 988 088,73;66 988 088,73;267 952 354,92; 	66 988 088,73 FC ; 	133 976 177,46 FC ; 	200 964 266,19 FC ;1,3; 	435 422 576,75 FC ; 	100 482 133,10 FC ; 	174 169 030,70 FC ; 	40 192 853,24 FC ;0; 	60 289 279,86 FC ;
37;ANKAII AUTOBUS ;245100;MATERIEL DE TRANSPORT;OPERATION;LA83G2ME0NA500751;TA/245100/2022/2001/037;C2 Stars & Sumec Hong Kong  Compagny;6/03/2023;6/03/2023;6/03/2028;5;141 567,00;2 365,95;20;334 940 443,65;3;10;66 988 088,73;66 988 088,73;267 952 354,92; 	66 988 088,73 FC ; 	133 976 177,46 FC ; 	200 964 266,19 FC ;1,3; 	435 422 576,75 FC ; 	100 482 133,10 FC ; 	174 169 030,70 FC ; 	40 192 853,24 FC ;0; 	60 289 279,86 FC ;
38;ANKAII AUTOBUS ;245100;MATERIEL DE TRANSPORT;OPERATION;LA83G2ME5NA500681;TA/245100/2022/2001/038;C2 Stars & Sumec Hong Kong  Compagny;6/03/2023;6/03/2023;6/03/2028;5;141 567,00;2 365,95;20;334 940 443,65;3;10;66 988 088,73;66 988 088,73;267 952 354,92; 	66 988 088,73 FC ; 	133 976 177,46 FC ; 	200 964 266,19 FC ;1,3; 	435 422 576,75 FC ; 	100 482 133,10 FC ; 	174 169 030,70 FC ; 	40 192 853,24 FC ;0; 	60 289 279,86 FC ;
39;ANKAII AUTOBUS ;245100;MATERIEL DE TRANSPORT;OPERATION;LA83G2ME0NA500717;TA/245100/2022/2001/039;C2 Stars & Sumec Hong Kong  Compagny;6/03/2023;6/03/2023;6/03/2028;5;141 567,00;2 365,95;20;334 940 443,65;3;10;66 988 088,73;66 988 088,73;267 952 354,92; 	66 988 088,73 FC ; 	133 976 177,46 FC ; 	200 964 266,19 FC ;1,3; 	435 422 576,75 FC ; 	100 482 133,10 FC ; 	174 169 030,70 FC ; 	40 192 853,24 FC ;0; 	60 289 279,86 FC ;
40;ANKAII AUTOBUS ;245100;MATERIEL DE TRANSPORT;OPERATION;LA83G2ME4NA500770;TA/245100/2022/2001/040;C2 Stars & Sumec Hong Kong  Compagny;6/03/2023;6/03/2023;6/03/2028;5;141 567,00;2 365,95;20;334 940 443,65;3;10;66 988 088,73;66 988 088,73;267 952 354,92; 	66 988 088,73 FC ; 	133 976 177,46 FC ; 	200 964 266,19 FC ;1,3; 	435 422 576,75 FC ; 	100 482 133,10 FC ; 	174 169 030,70 FC ; 	40 192 853,24 FC ;0; 	60 289 279,86 FC ;
41;ANKAII AUTOBUS ;245100;MATERIEL DE TRANSPORT;OPERATION;LA83G2ME3NA500680;TA/245100/2022/2001/041;C2 Stars & Sumec Hong Kong  Compagny;6/03/2023;6/03/2023;6/03/2028;5;141 567,00;2 365,95;20;334 940 443,65;3;10;66 988 088,73;66 988 088,73;267 952 354,92; 	66 988 088,73 FC ; 	133 976 177,46 FC ; 	200 964 266,19 FC ;1,3; 	435 422 576,75 FC ; 	100 482 133,10 FC ; 	174 169 030,70 FC ; 	40 192 853,24 FC ;0; 	60 289 279,86 FC ;
42;ANKAII AUTOBUS ;245100;MATERIEL DE TRANSPORT;OPERATION;LA83G2ME2NA500735;TA/245100/2022/2001/042;C2 Stars & Sumec Hong Kong  Compagny;6/03/2023;6/03/2023;6/03/2028;5;141 567,00;2 365,95;20;334 940 443,65;3;10;66 988 088,73;66 988 088,73;267 952 354,92; 	66 988 088,73 FC ; 	133 976 177,46 FC ; 	200 964 266,19 FC ;1,3; 	435 422 576,75 FC ; 	100 482 133,10 FC ; 	174 169 030,70 FC ; 	40 192 853,24 FC ;0; 	60 289 279,86 FC ;
43;ANKAII AUTOBUS ;245100;MATERIEL DE TRANSPORT;OPERATION;LA83G2ME5NA500745;TA/245100/2022/2001/043;C2 Stars & Sumec Hong Kong  Compagny;6/03/2023;6/03/2023;6/03/2028;5;141 567,00;2 365,95;20;334 940 443,65;3;10;66 988 088,73;66 988 088,73;267 952 354,92; 	66 988 088,73 FC ; 	133 976 177,46 FC ; 	200 964 266,19 FC ;1,3; 	435 422 576,75 FC ; 	100 482 133,10 FC ; 	174 169 030,70 FC ; 	40 192 853,24 FC ;0; 	60 289 279,86 FC ;
44;ANKAII AUTOBUS ;245100;MATERIEL DE TRANSPORT;OPERATION;LA83G2ME1NA500757;TA/245100/2022/2001/044;C2 Stars & Sumec Hong Kong  Compagny;6/03/2023;6/03/2023;6/03/2028;5;141 567,00;2 365,95;20;334 940 443,65;3;10;66 988 088,73;66 988 088,73;267 952 354,92; 	66 988 088,73 FC ; 	133 976 177,46 FC ; 	200 964 266,19 FC ;1,3; 	435 422 576,75 FC ; 	100 482 133,10 FC ; 	174 169 030,70 FC ; 	40 192 853,24 FC ;0; 	60 289 279,86 FC ;
45;ANKAII AUTOBUS ;245100;MATERIEL DE TRANSPORT;OPERATION;LA83G2MEXNA500689;TA/245100/2022/2001/045;C2 Stars & Sumec Hong Kong  Compagny;6/03/2023;6/03/2023;6/03/2028;5;141 567,00;2 365,95;20;334 940 443,65;3;10;66 988 088,73;66 988 088,73;267 952 354,92; 	66 988 088,73 FC ; 	133 976 177,46 FC ; 	200 964 266,19 FC ;1,3; 	435 422 576,75 FC ; 	100 482 133,10 FC ; 	174 169 030,70 FC ; 	40 192 853,24 FC ;0; 	60 289 279,86 FC ;
46;ANKAII AUTOBUS ;245100;MATERIEL DE TRANSPORT;OPERATION;LA83G2ME6NA500737;TA/245100/2022/2001/046;C2 Stars & Sumec Hong Kong  Compagny;6/03/2023;6/03/2023;6/03/2028;5;141 567,00;2 365,95;20;334 940 443,65;3;10;66 988 088,73;66 988 088,73;267 952 354,92; 	66 988 088,73 FC ; 	133 976 177,46 FC ; 	200 964 266,19 FC ;1,3; 	435 422 576,75 FC ; 	100 482 133,10 FC ; 	174 169 030,70 FC ; 	40 192 853,24 FC ;0; 	60 289 279,86 FC ;
47;ANKAII AUTOBUS ;245100;MATERIEL DE TRANSPORT;OPERATION;LA83G2ME7NA500746;TA/245100/2022/2001/047;C2 Stars & Sumec Hong Kong  Compagny;6/03/2023;6/03/2023;6/03/2028;5;141 567,00;2 365,95;20;334 940 443,65;3;10;66 988 088,73;66 988 088,73;267 952 354,92; 	66 988 088,73 FC ; 	133 976 177,46 FC ; 	200 964 266,19 FC ;1,3; 	435 422 576,75 FC ; 	100 482 133,10 FC ; 	174 169 030,70 FC ; 	40 192 853,24 FC ;0; 	60 289 279,86 FC ;
48;ANKAII AUTOBUS ;245100;MATERIEL DE TRANSPORT;OPERATION;LA83G2ME7NA500696;TA/245100/2022/2001/048;C2 Stars & Sumec Hong Kong  Compagny;6/03/2023;6/03/2023;6/03/2028;5;141 567,00;2 365,95;20;334 940 443,65;3;10;66 988 088,73;66 988 088,73;267 952 354,92; 	66 988 088,73 FC ; 	133 976 177,46 FC ; 	200 964 266,19 FC ;1,3; 	435 422 576,75 FC ; 	100 482 133,10 FC ; 	174 169 030,70 FC ; 	40 192 853,24 FC ;0; 	60 289 279,86 FC ;
49;ANKAII AUTOBUS ;245100;MATERIEL DE TRANSPORT;OPERATION;LA83G2ME8NA500688;TA/245100/2022/2001/049;C2 Stars & Sumec Hong Kong  Compagny;6/03/2023;6/03/2023;6/03/2028;5;141 567,00;2 365,95;20;334 940 443,65;3;10;66 988 088,73;66 988 088,73;267 952 354,92; 	66 988 088,73 FC ; 	133 976 177,46 FC ; 	200 964 266,19 FC ;1,3; 	435 422 576,75 FC ; 	100 482 133,10 FC ; 	174 169 030,70 FC ; 	40 192 853,24 FC ;0; 	60 289 279,86 FC ;
50;ANKAII AUTOBUS ;245100;MATERIEL DE TRANSPORT;OPERATION;LA83G2ME1NA500712;TA/245100/2022/2001/050;C2 Stars & Sumec Hong Kong  Compagny;6/03/2023;6/03/2023;6/03/2028;5;141 567,00;2 365,95;20;334 940 443,65;3;10;66 988 088,73;66 988 088,73;267 952 354,92; 	66 988 088,73 FC ; 	133 976 177,46 FC ; 	200 964 266,19 FC ;1,3; 	435 422 576,75 FC ; 	100 482 133,10 FC ; 	174 169 030,70 FC ; 	40 192 853,24 FC ;0; 	60 289 279,86 FC ;
51;ANKAII AUTOBUS ;245100;MATERIEL DE TRANSPORT;OPERATION;LA83G2ME9NA500702;TA/245100/2022/2001/051;C2 Stars & Sumec Hong Kong  Compagny;6/03/2023;6/03/2023;6/03/2028;5;141 567,00;2 365,95;20;334 940 443,65;3;10;66 988 088,73;66 988 088,73;267 952 354,92; 	66 988 088,73 FC ; 	133 976 177,46 FC ; 	200 964 266,19 FC ;1,3; 	435 422 576,75 FC ; 	100 482 133,10 FC ; 	174 169 030,70 FC ; 	40 192 853,24 FC ;0; 	60 289 279,86 FC ;
52;ANKAII AUTOBUS ;245100;MATERIEL DE TRANSPORT;OPERATION;LA83G2ME4NA500719;TA/245100/2022/2001/052;C2 Stars & Sumec Hong Kong  Compagny;6/03/2023;6/03/2023;6/03/2028;5;141 567,00;2 365,95;20;334 940 443,65;3;10;66 988 088,73;66 988 088,73;267 952 354,92; 	66 988 088,73 FC ; 	133 976 177,46 FC ; 	200 964 266,19 FC ;1,3; 	435 422 576,75 FC ; 	100 482 133,10 FC ; 	174 169 030,70 FC ; 	40 192 853,24 FC ;0; 	60 289 279,86 FC ;
53;ANKAII AUTOBUS ;245100;MATERIEL DE TRANSPORT;OPERATION;LA83G2ME9NA500683;TA/245100/2022/2001/053;C2 Stars & Sumec Hong Kong  Compagny;6/03/2023;6/03/2023;6/03/2028;5;141 567,00;2 365,95;20;334 940 443,65;3;10;66 988 088,73;66 988 088,73;267 952 354,92; 	66 988 088,73 FC ; 	133 976 177,46 FC ; 	200 964 266,19 FC ;1,3; 	435 422 576,75 FC ; 	100 482 133,10 FC ; 	174 169 030,70 FC ; 	40 192 853,24 FC ;0; 	60 289 279,86 FC ;
54;ANKAII AUTOBUS ;245100;MATERIEL DE TRANSPORT;OPERATION;LA83G2ME6NA500690;TA/245100/2022/2001/054;C2 Stars & Sumec Hong Kong  Compagny;6/03/2023;6/03/2023;6/03/2028;5;141 567,00;2 365,95;20;334 940 443,65;3;10;66 988 088,73;66 988 088,73;267 952 354,92; 	66 988 088,73 FC ; 	133 976 177,46 FC ; 	200 964 266,19 FC ;1,3; 	435 422 576,75 FC ; 	100 482 133,10 FC ; 	174 169 030,70 FC ; 	40 192 853,24 FC ;0; 	60 289 279,86 FC ;
55;ANKAII AUTOBUS ;245100;MATERIEL DE TRANSPORT;OPERATION;LA83G2ME2NA500685;TA/245100/2022/2001/055;C2 Stars & Sumec Hong Kong  Compagny;6/03/2023;6/03/2023;6/03/2028;5;141 567,00;2 365,95;20;334 940 443,65;3;10;66 988 088,73;66 988 088,73;267 952 354,92; 	66 988 088,73 FC ; 	133 976 177,46 FC ; 	200 964 266,19 FC ;1,3; 	435 422 576,75 FC ; 	100 482 133,10 FC ; 	174 169 030,70 FC ; 	40 192 853,24 FC ;0; 	60 289 279,86 FC ;
56;ANKAII AUTOBUS ;245100;MATERIEL DE TRANSPORT;OPERATION;LA83G2ME7NA500715;TA/245100/2022/2001/056;C2 Stars & Sumec Hong Kong  Compagny;6/03/2023;6/03/2023;6/03/2028;5;141 567,00;2 365,95;20;334 940 443,65;3;10;66 988 088,73;66 988 088,73;267 952 354,92; 	66 988 088,73 FC ; 	133 976 177,46 FC ; 	200 964 266,19 FC ;1,3; 	435 422 576,75 FC ; 	100 482 133,10 FC ; 	174 169 030,70 FC ; 	40 192 853,24 FC ;0; 	60 289 279,86 FC ;
57;ANKAII AUTOBUS ;245100;MATERIEL DE TRANSPORT;OPERATION;LA83G2ME1NA500693;TA/245100/2022/2001/057;C2 Stars & Sumec Hong Kong  Compagny;6/03/2023;6/03/2023;6/03/2028;5;141 567,00;2 365,95;20;334 940 443,65;3;10;66 988 088,73;66 988 088,73;267 952 354,92; 	66 988 088,73 FC ; 	133 976 177,46 FC ; 	200 964 266,19 FC ;1,3; 	435 422 576,75 FC ; 	100 482 133,10 FC ; 	174 169 030,70 FC ; 	40 192 853,24 FC ;0; 	60 289 279,86 FC ;
58;ANKAII AUTOBUS ;245100;MATERIEL DE TRANSPORT;OPERATION;LA83G2ME2NA500721;TA/245100/2022/2001/058;C2 Stars & Sumec Hong Kong  Compagny;6/03/2023;6/03/2023;6/03/2028;5;141 567,00;2 365,95;20;334 940 443,65;3;10;66 988 088,73;66 988 088,73;267 952 354,92; 	66 988 088,73 FC ; 	133 976 177,46 FC ; 	200 964 266,19 FC ;1,3; 	435 422 576,75 FC ; 	100 482 133,10 FC ; 	174 169 030,70 FC ; 	40 192 853,24 FC ;0; 	60 289 279,86 FC ;
59;ANKAII AUTOBUS ;245100;MATERIEL DE TRANSPORT;OPERATION;LA83G2MEXNA500711;TA/245100/2022/2001/059;C2 Stars & Sumec Hong Kong  Compagny;6/03/2023;6/03/2023;6/03/2028;5;141 567,00;2 365,95;20;334 940 443,65;3;10;66 988 088,73;66 988 088,73;267 952 354,92; 	66 988 088,73 FC ; 	133 976 177,46 FC ; 	200 964 266,19 FC ;1,3; 	435 422 576,75 FC ; 	100 482 133,10 FC ; 	174 169 030,70 FC ; 	40 192 853,24 FC ;0; 	60 289 279,86 FC ;
60;ANKAII AUTOBUS ;245100;MATERIEL DE TRANSPORT;OPERATION;LA83G2ME5NA500700;TA/245100/2022/2001/060;C2 Stars & Sumec Hong Kong  Compagny;6/03/2023;6/03/2023;6/03/2028;5;141 567,00;2 365,95;20;334 940 443,65;3;10;66 988 088,73;66 988 088,73;267 952 354,92; 	66 988 088,73 FC ; 	133 976 177,46 FC ; 	200 964 266,19 FC ;1,3; 	435 422 576,75 FC ; 	100 482 133,10 FC ; 	174 169 030,70 FC ; 	40 192 853,24 FC ;0; 	60 289 279,86 FC ;
61;ANKAII AUTOBUS ;245100;MATERIEL DE TRANSPORT;OPERATION;LA83G2ME0NA500703;TA/245100/2022/2001/061;C2 Stars & Sumec Hong Kong  Compagny;6/03/2023;6/03/2023;6/03/2028;5;141 567,00;2 365,95;20;334 940 443,65;3;10;66 988 088,73;66 988 088,73;267 952 354,92; 	66 988 088,73 FC ; 	133 976 177,46 FC ; 	200 964 266,19 FC ;1,3; 	435 422 576,75 FC ; 	100 482 133,10 FC ; 	174 169 030,70 FC ; 	40 192 853,24 FC ;0; 	60 289 279,86 FC ;
62;ANKAII AUTOBUS ;245100;MATERIEL DE TRANSPORT;OPERATION;LA83G2ME4NA500656;TA/245100/2022/2001/062;C2 Stars & Sumec Hong Kong  Compagny;6/03/2023;6/03/2023;6/03/2028;5;141 567,00;2 365,95;20;334 940 443,65;3;10;66 988 088,73;66 988 088,73;267 952 354,92; 	66 988 088,73 FC ; 	133 976 177,46 FC ; 	200 964 266,19 FC ;1,3; 	435 422 576,75 FC ; 	100 482 133,10 FC ; 	174 169 030,70 FC ; 	40 192 853,24 FC ;0; 	60 289 279,86 FC ;
63;ANKAII AUTOBUS ;245100;MATERIEL DE TRANSPORT;OPERATION;LA83G2ME5NA500731;TA/245100/2022/2001/063;C2 Stars & Sumec Hong Kong  Compagny;6/03/2023;6/03/2023;6/03/2028;5;141 567,00;2 365,95;20;334 940 443,65;3;10;66 988 088,73;66 988 088,73;267 952 354,92; 	66 988 088,73 FC ; 	133 976 177,46 FC ; 	200 964 266,19 FC ;1,3; 	435 422 576,75 FC ; 	100 482 133,10 FC ; 	174 169 030,70 FC ; 	40 192 853,24 FC ;0; 	60 289 279,86 FC ;
64;ANKAII AUTOBUS ;245100;MATERIEL DE TRANSPORT;OPERATION;LA83G2ME3NA500684;TA/245100/2022/2001/064;C2 Stars & Sumec Hong Kong  Compagny;6/03/2023;6/03/2023;6/03/2028;5;141 567,00;2 365,95;20;334 940 443,65;3;10;66 988 088,73;66 988 088,73;267 952 354,92; 	66 988 088,73 FC ; 	133 976 177,46 FC ; 	200 964 266,19 FC ;1,3; 	435 422 576,75 FC ; 	100 482 133,10 FC ; 	174 169 030,70 FC ; 	40 192 853,24 FC ;0; 	60 289 279,86 FC ;
65;ANKAII AUTOBUS ;245100;MATERIEL DE TRANSPORT;OPERATION;LA83G2MEXNA500739;TA/245100/2022/2001/065;C2 Stars & Sumec Hong Kong  Compagny;6/03/2023;6/03/2023;6/03/2028;5;141 567,00;2 365,95;20;334 940 443,65;3;10;66 988 088,73;66 988 088,73;267 952 354,92; 	66 988 088,73 FC ; 	133 976 177,46 FC ; 	200 964 266,19 FC ;1,3; 	435 422 576,75 FC ; 	100 482 133,10 FC ; 	174 169 030,70 FC ; 	40 192 853,24 FC ;0; 	60 289 279,86 FC ;
66;ANKAII AUTOBUS ;245100;MATERIEL DE TRANSPORT;OPERATION;LA83G2ME7NA500729;TA/245100/2022/2001/066;C2 Stars & Sumec Hong Kong  Compagny;6/03/2023;6/03/2023;6/03/2028;5;141 567,00;2 365,95;20;334 940 443,65;3;10;66 988 088,73;66 988 088,73;267 952 354,92; 	66 988 088,73 FC ; 	133 976 177,46 FC ; 	200 964 266,19 FC ;1,3; 	435 422 576,75 FC ; 	100 482 133,10 FC ; 	174 169 030,70 FC ; 	40 192 853,24 FC ;0; 	60 289 279,86 FC ;
67;ANKAII AUTOBUS ;245100;MATERIEL DE TRANSPORT;OPERATION;LA83G2ME;TA/245100/2022/2001/067;C2 Stars & Sumec Hong Kong  Compagny;6/03/2023;6/03/2023;6/03/2028;5;141 567,00;2 365,95;20;334 940 443,65;3;10;66 988 088,73;66 988 088,73;267 952 354,92; 	66 988 088,73 FC ; 	133 976 177,46 FC ; 	200 964 266,19 FC ;1,3; 	435 422 576,75 FC ; 	100 482 133,10 FC ; 	174 169 030,70 FC ; 	40 192 853,24 FC ;0; 	60 289 279,86 FC ;
68;ANKAII AUTOBUS ;245100;MATERIEL DE TRANSPORT;OPERATION;LA83G2ME9NA500733;TA/245100/2022/2001/068;C2 Stars & Sumec Hong Kong  Compagny;6/03/2023;6/03/2023;6/03/2028;5;141 567,00;2 365,95;20;334 940 443,65;3;10;66 988 088,73;66 988 088,73;267 952 354,92; 	66 988 088,73 FC ; 	133 976 177,46 FC ; 	200 964 266,19 FC ;1,3; 	435 422 576,75 FC ; 	100 482 133,10 FC ; 	174 169 030,70 FC ; 	40 192 853,24 FC ;0; 	60 289 279,86 FC ;
69;ANKAII AUTOBUS ;245100;MATERIEL DE TRANSPORT;OPERATION;LA83G2MEXNA500742;TA/245100/2022/2001/069;C2 Stars & Sumec Hong Kong  Compagny;6/03/2023;6/03/2023;6/03/2028;5;141 567,00;2 365,95;20;334 940 443,65;3;10;66 988 088,73;66 988 088,73;267 952 354,92; 	66 988 088,73 FC ; 	133 976 177,46 FC ; 	200 964 266,19 FC ;1,3; 	435 422 576,75 FC ; 	100 482 133,10 FC ; 	174 169 030,70 FC ; 	40 192 853,24 FC ;0; 	60 289 279,86 FC ;
70;ANKAII AUTOBUS ;245100;MATERIEL DE TRANSPORT;OPERATION;LA83G2ME0NA500748;TA/245100/2022/2001/070;C2 Stars & Sumec Hong Kong  Compagny;6/03/2023;6/03/2023;6/03/2028;5;141 567,00;2 365,95;20;334 940 443,65;3;10;66 988 088,73;66 988 088,73;267 952 354,92; 	66 988 088,73 FC ; 	133 976 177,46 FC ; 	200 964 266,19 FC ;1,3; 	435 422 576,75 FC ; 	100 482 133,10 FC ; 	174 169 030,70 FC ; 	40 192 853,24 FC ;0; 	60 289 279,86 FC ;
71;ANKAII AUTOBUS ;245100;MATERIEL DE TRANSPORT;OPERATION;LA83G2ME7NA500682;TA/245100/2022/2001/071;C2 Stars & Sumec Hong Kong  Compagny;6/03/2023;6/03/2023;6/03/2028;5;141 567,00;2 365,95;20;334 940 443,65;3;10;66 988 088,73;66 988 088,73;267 952 354,92; 	66 988 088,73 FC ; 	133 976 177,46 FC ; 	200 964 266,19 FC ;1,3; 	435 422 576,75 FC ; 	100 482 133,10 FC ; 	174 169 030,70 FC ; 	40 192 853,24 FC ;0; 	60 289 279,86 FC ;
72;ANKAII AUTOBUS ;245100;MATERIEL DE TRANSPORT;OPERATION;LA83G2ME5NA500728;TA/245100/2022/2001/072;C2 Stars & Sumec Hong Kong  Compagny;6/03/2023;6/03/2023;6/03/2028;5;141 567,00;2 365,95;20;334 940 443,65;3;10;66 988 088,73;66 988 088,73;267 952 354,92; 	66 988 088,73 FC ; 	133 976 177,46 FC ; 	200 964 266,19 FC ;1,3; 	435 422 576,75 FC ; 	100 482 133,10 FC ; 	174 169 030,70 FC ; 	40 192 853,24 FC ;0; 	60 289 279,86 FC ;
73;ANKAII AUTOBUS ;245100;MATERIEL DE TRANSPORT;OPERATION;LA83G2ME9NA500716;TA/245100/2022/2001/073;C2 Stars & Sumec Hong Kong  Compagny;6/03/2023;6/03/2023;6/03/2028;5;141 567,00;2 365,95;20;334 940 443,65;3;10;66 988 088,73;66 988 088,73;267 952 354,92; 	66 988 088,73 FC ; 	133 976 177,46 FC ; 	200 964 266,19 FC ;1,3; 	435 422 576,75 FC ; 	100 482 133,10 FC ; 	174 169 030,70 FC ; 	40 192 853,24 FC ;0; 	60 289 279,86 FC ;
74;ANKAII AUTOBUS ;245100;MATERIEL DE TRANSPORT;OPERATION;LA83G2ME3NA500694;TA/245100/2022/2001/074;C2 Stars & Sumec Hong Kong  Compagny;6/03/2023;6/03/2023;6/03/2028;5;141 567,00;2 365,95;20;334 940 443,65;3;10;66 988 088,73;66 988 088,73;267 952 354,92; 	66 988 088,73 FC ; 	133 976 177,46 FC ; 	200 964 266,19 FC ;1,3; 	435 422 576,75 FC ; 	100 482 133,10 FC ; 	174 169 030,70 FC ; 	40 192 853,24 FC ;0; 	60 289 279,86 FC ;
75;ANKAII AUTOBUS ;245100;MATERIEL DE TRANSPORT;OPERATION;LA83G2ME0NA500698;TA/245100/2022/2001/075;C2 Stars & Sumec Hong Kong  Compagny;6/03/2023;6/03/2023;6/03/2028;5;141 567,00;2 365,95;20;334 940 443,65;3;10;66 988 088,73;66 988 088,73;267 952 354,92; 	66 988 088,73 FC ; 	133 976 177,46 FC ; 	200 964 266,19 FC ;1,3; 	435 422 576,75 FC ; 	100 482 133,10 FC ; 	174 169 030,70 FC ; 	40 192 853,24 FC ;0; 	60 289 279,86 FC ;
76;ANKAII AUTOBUS ;245100;MATERIEL DE TRANSPORT;OPERATION;LA83G2ME3NA500775;TA/245100/2022/2001/076;C2 Stars & Sumec Hong Kong  Compagny;6/03/2023;6/03/2023;6/03/2028;5;141 567,00;2 365,95;20;334 940 443,65;3;10;66 988 088,73;66 988 088,73;267 952 354,92; 	66 988 088,73 FC ; 	133 976 177,46 FC ; 	200 964 266,19 FC ;1,3; 	435 422 576,75 FC ; 	100 482 133,10 FC ; 	174 169 030,70 FC ; 	40 192 853,24 FC ;0; 	60 289 279,86 FC ;
77;ANKAII AUTOBUS ;245100;MATERIEL DE TRANSPORT;OPERATION;LA83G2MEXNA500692;TA/245100/2022/2001/077;C2 Stars & Sumec Hong Kong  Compagny;6/03/2023;6/03/2023;6/03/2028;5;141 567,00;2 365,95;20;334 940 443,65;3;10;66 988 088,73;66 988 088,73;267 952 354,92; 	66 988 088,73 FC ; 	133 976 177,46 FC ; 	200 964 266,19 FC ;1,3; 	435 422 576,75 FC ; 	100 482 133,10 FC ; 	174 169 030,70 FC ; 	40 192 853,24 FC ;0; 	60 289 279,86 FC ;
78;ANKAII AUTOBUS ;245100;MATERIEL DE TRANSPORT;OPERATION;LA83G2ME5NA500695;TA/245100/2022/2001/078;C2 Stars & Sumec Hong Kong  Compagny;6/03/2023;6/03/2023;6/03/2028;5;141 567,00;2 365,95;20;334 940 443,65;3;10;66 988 088,73;66 988 088,73;267 952 354,92; 	66 988 088,73 FC ; 	133 976 177,46 FC ; 	200 964 266,19 FC ;1,3; 	435 422 576,75 FC ; 	100 482 133,10 FC ; 	174 169 030,70 FC ; 	40 192 853,24 FC ;0; 	60 289 279,86 FC ;
79;ANKAII AUTOBUS ;245100;MATERIEL DE TRANSPORT;OPERATION;LA83G2ME9NA500750;TA/245100/2022/2001/079;C2 Stars & Sumec Hong Kong  Compagny;6/03/2023;6/03/2023;6/03/2028;5;141 567,00;2 365,95;20;334 940 443,65;3;10;66 988 088,73;66 988 088,73;267 952 354,92; 	66 988 088,73 FC ; 	133 976 177,46 FC ; 	200 964 266,19 FC ;1,3; 	435 422 576,75 FC ; 	100 482 133,10 FC ; 	174 169 030,70 FC ; 	40 192 853,24 FC ;0; 	60 289 279,86 FC ;
80;ANKAII AUTOBUS ;245100;MATERIEL DE TRANSPORT;OPERATION;LA83G2ME9NA500778;TA/245100/2022/2001/080;C2 Stars & Sumec Hong Kong  Compagny;6/03/2023;6/03/2023;6/03/2028;5;141 567,00;2 365,95;20;334 940 443,65;3;10;66 988 088,73;66 988 088,73;267 952 354,92; 	66 988 088,73 FC ; 	133 976 177,46 FC ; 	200 964 266,19 FC ;1,3; 	435 422 576,75 FC ; 	100 482 133,10 FC ; 	174 169 030,70 FC ; 	40 192 853,24 FC ;0; 	60 289 279,86 FC ;
81;ANKAII AUTOBUS ;245100;MATERIEL DE TRANSPORT;OPERATION;LA83G2ME5NA500759;TA/245100/2022/2001/081;C2 Stars & Sumec Hong Kong  Compagny;6/03/2023;6/03/2023;6/03/2028;5;141 567,00;2 365,95;20;334 940 443,65;3;10;66 988 088,73;66 988 088,73;267 952 354,92; 	66 988 088,73 FC ; 	133 976 177,46 FC ; 	200 964 266,19 FC ;1,3; 	435 422 576,75 FC ; 	100 482 133,10 FC ; 	174 169 030,70 FC ; 	40 192 853,24 FC ;0; 	60 289 279,86 FC ;
82;ANKAII AUTOBUS ;245100;MATERIEL DE TRANSPORT;OPERATION;LA83G2ME7NA500701;TA/245100/2022/2001/082;C2 Stars & Sumec Hong Kong  Compagny;6/03/2023;6/03/2023;6/03/2028;5;141 567,00;2 365,95;20;334 940 443,65;3;10;66 988 088,73;66 988 088,73;267 952 354,92; 	66 988 088,73 FC ; 	133 976 177,46 FC ; 	200 964 266,19 FC ;1,3; 	435 422 576,75 FC ; 	100 482 133,10 FC ; 	174 169 030,70 FC ; 	40 192 853,24 FC ;0; 	60 289 279,86 FC ;
83;ANKAII AUTOBUS ;245100;MATERIEL DE TRANSPORT;OPERATION;LA83G2ME8NA500755;TA/245100/2022/2001/083;C2 Stars & Sumec Hong Kong  Compagny;6/03/2023;6/03/2023;6/03/2028;5;141 567,00;2 365,95;20;334 940 443,65;3;10;66 988 088,73;66 988 088,73;267 952 354,92; 	66 988 088,73 FC ; 	133 976 177,46 FC ; 	200 964 266,19 FC ;1,3; 	435 422 576,75 FC ; 	100 482 133,10 FC ; 	174 169 030,70 FC ; 	40 192 853,24 FC ;0; 	60 289 279,86 FC ;
84;ANKAII AUTOBUS ;245100;MATERIEL DE TRANSPORT;OPERATION;LA83G2ME;TA/245100/2022/2001/084;C2 Stars & Sumec Hong Kong  Compagny;6/03/2023;6/03/2023;6/03/2028;5;141 567,00;2 365,95;20;334 940 443,65;3;10;66 988 088,73;66 988 088,73;267 952 354,92; 	66 988 088,73 FC ; 	133 976 177,46 FC ; 	200 964 266,19 FC ;1,3; 	435 422 576,75 FC ; 	100 482 133,10 FC ; 	174 169 030,70 FC ; 	40 192 853,24 FC ;0; 	60 289 279,86 FC ;
85;ANKAII AUTOBUS ;245100;MATERIEL DE TRANSPORT;OPERATION;LA83G2ME2NA500699;TA/245100/2022/2001/085;C2 Stars & Sumec Hong Kong  Compagny;6/03/2023;6/03/2023;6/03/2028;5;141 567,00;2 365,95;20;334 940 443,65;3;10;66 988 088,73;66 988 088,73;267 952 354,92; 	66 988 088,73 FC ; 	133 976 177,46 FC ; 	200 964 266,19 FC ;1,3; 	435 422 576,75 FC ; 	100 482 133,10 FC ; 	174 169 030,70 FC ; 	40 192 853,24 FC ;0; 	60 289 279,86 FC ;
86;ANKAII AUTOBUS ;245100;MATERIEL DE TRANSPORT;OPERATION;LA83G2ME4NA500767;TA/245100/2022/2001/086;C2 Stars & Sumec Hong Kong  Compagny;6/03/2023;6/03/2023;6/03/2028;5;141 567,00;2 365,95;20;334 940 443,65;3;10;66 988 088,73;66 988 088,73;267 952 354,92; 	66 988 088,73 FC ; 	133 976 177,46 FC ; 	200 964 266,19 FC ;1,3; 	435 422 576,75 FC ; 	100 482 133,10 FC ; 	174 169 030,70 FC ; 	40 192 853,24 FC ;0; 	60 289 279,86 FC ;
87;ANKAII AUTOBUS ;245100;MATERIEL DE TRANSPORT;OPERATION;LA83G2ME9NA500697;TA/245100/2022/2001/087;C2 Stars & Sumec Hong Kong  Compagny;6/03/2023;6/03/2023;6/03/2028;5;141 567,00;2 365,95;20;334 940 443,65;3;10;66 988 088,73;66 988 088,73;267 952 354,92; 	66 988 088,73 FC ; 	133 976 177,46 FC ; 	200 964 266,19 FC ;1,3; 	435 422 576,75 FC ; 	100 482 133,10 FC ; 	174 169 030,70 FC ; 	40 192 853,24 FC ;0; 	60 289 279,86 FC ;
88;ANKAII AUTOBUS ;245100;MATERIEL DE TRANSPORT;OPERATION;LA83G2ME0NA500684;TA/245100/2022/2001/088;C2 Stars & Sumec Hong Kong  Compagny;6/03/2023;6/03/2023;6/03/2028;5;141 567,00;2 365,95;20;334 940 443,65;3;10;66 988 088,73;66 988 088,73;267 952 354,92; 	66 988 088,73 FC ; 	133 976 177,46 FC ; 	200 964 266,19 FC ;1,3; 	435 422 576,75 FC ; 	100 482 133,10 FC ; 	174 169 030,70 FC ; 	40 192 853,24 FC ;0; 	60 289 279,86 FC ;
89;ANKAII AUTOBUS ;245100;MATERIEL DE TRANSPORT;OPERATION;LA83G2ME5NA500762;TA/245100/2022/2001/089;C2 Stars & Sumec Hong Kong  Compagny;6/03/2023;6/03/2023;6/03/2028;5;141 567,00;2 365,95;20;334 940 443,65;3;10;66 988 088,73;66 988 088,73;267 952 354,92; 	66 988 088,73 FC ; 	133 976 177,46 FC ; 	200 964 266,19 FC ;1,3; 	435 422 576,75 FC ; 	100 482 133,10 FC ; 	174 169 030,70 FC ; 	40 192 853,24 FC ;0; 	60 289 279,86 FC ;
90;ANKAII AUTOBUS ;245100;MATERIEL DE TRANSPORT;OPERATION;LA83G2MEXNA500725;TA/245100/2022/2001/090;C2 Stars & Sumec Hong Kong  Compagny;6/03/2023;6/03/2023;6/03/2028;5;141 567,00;2 365,95;20;334 940 443,65;3;10;66 988 088,73;66 988 088,73;267 952 354,92; 	66 988 088,73 FC ; 	133 976 177,46 FC ; 	200 964 266,19 FC ;1,3; 	435 422 576,75 FC ; 	100 482 133,10 FC ; 	174 169 030,70 FC ; 	40 192 853,24 FC ;0; 	60 289 279,86 FC ;
91;ANKAII AUTOBUS ;245100;MATERIEL DE TRANSPORT;OPERATION;LA83G2ME2NA500718;TA/245100/2022/2001/091;C2 Stars & Sumec Hong Kong  Compagny;6/03/2023;6/03/2023;6/03/2028;5;141 567,00;2 365,95;20;334 940 443,65;3;10;66 988 088,73;66 988 088,73;267 952 354,92; 	66 988 088,73 FC ; 	133 976 177,46 FC ; 	200 964 266,19 FC ;1,3; 	435 422 576,75 FC ; 	100 482 133,10 FC ; 	174 169 030,70 FC ; 	40 192 853,24 FC ;0; 	60 289 279,86 FC ;
92;ANKAII AUTOBUS ;245100;MATERIEL DE TRANSPORT;OPERATION;LA83G2ME2NA500704;TA/245100/2022/2001/092;C2 Stars & Sumec Hong Kong  Compagny;6/03/2023;6/03/2023;6/03/2028;5;141 567,00;2 365,95;20;334 940 443,65;3;10;66 988 088,73;66 988 088,73;267 952 354,92; 	66 988 088,73 FC ; 	133 976 177,46 FC ; 	200 964 266,19 FC ;1,3; 	435 422 576,75 FC ; 	100 482 133,10 FC ; 	174 169 030,70 FC ; 	40 192 853,24 FC ;0; 	60 289 279,86 FC ;
93;ANKAII AUTOBUS ;245100;MATERIEL DE TRANSPORT;OPERATION;LA83G2ME9NA500747;TA/245100/2022/2001/093;C2 Stars & Sumec Hong Kong  Compagny;6/03/2023;6/03/2023;6/03/2028;5;141 567,00;2 365,95;20;334 940 443,65;3;10;66 988 088,73;66 988 088,73;267 952 354,92; 	66 988 088,73 FC ; 	133 976 177,46 FC ; 	200 964 266,19 FC ;1,3; 	435 422 576,75 FC ; 	100 482 133,10 FC ; 	174 169 030,70 FC ; 	40 192 853,24 FC ;0; 	60 289 279,86 FC ;
94;ANKAII AUTOBUS ;245100;MATERIEL DE TRANSPORT;OPERATION;LA83G2ME3NA500713;TA/245100/2022/2001/094;C2 Stars & Sumec Hong Kong  Compagny;6/03/2023;6/03/2023;6/03/2028;5;141 567,00;2 365,95;20;334 940 443,65;3;10;66 988 088,73;66 988 088,73;267 952 354,92; 	66 988 088,73 FC ; 	133 976 177,46 FC ; 	200 964 266,19 FC ;1,3; 	435 422 576,75 FC ; 	100 482 133,10 FC ; 	174 169 030,70 FC ; 	40 192 853,24 FC ;0; 	60 289 279,86 FC ;
95;ANKAII AUTOBUS ;245100;MATERIEL DE TRANSPORT;OPERATION;LA83G2ME4NA500767;TA/245100/2022/2001/095;C2 Stars & Sumec Hong Kong  Compagny;6/03/2023;6/03/2023;6/03/2028;5;141 567,00;2 365,95;20;334 940 443,65;3;10;66 988 088,73;66 988 088,73;267 952 354,92; 	66 988 088,73 FC ; 	133 976 177,46 FC ; 	200 964 266,19 FC ;1,3; 	435 422 576,75 FC ; 	100 482 133,10 FC ; 	174 169 030,70 FC ; 	40 192 853,24 FC ;0; 	60 289 279,86 FC ;
96;ANKAII AUTOBUS ;245100;MATERIEL DE TRANSPORT;OPERATION;LA83G2ME8NA500710;TA/245100/2022/2001/096;C2 Stars & Sumec Hong Kong  Compagny;6/03/2023;6/03/2023;6/03/2028;5;141 567,00;2 365,95;20;334 940 443,65;3;10;66 988 088,73;66 988 088,73;267 952 354,92; 	66 988 088,73 FC ; 	133 976 177,46 FC ; 	200 964 266,19 FC ;1,3; 	435 422 576,75 FC ; 	100 482 133,10 FC ; 	174 169 030,70 FC ; 	40 192 853,24 FC ;0; 	60 289 279,86 FC ;
97;ANKAII AUTOBUS ;245100;MATERIEL DE TRANSPORT;OPERATION;LA83G2MEXNA500773;TA/245100/2022/2001/097;C2 Stars & Sumec Hong Kong  Compagny;6/03/2023;6/03/2023;6/03/2028;5;141 567,00;2 365,95;20;334 940 443,65;3;10;66 988 088,73;66 988 088,73;267 952 354,92; 	66 988 088,73 FC ; 	133 976 177,46 FC ; 	200 964 266,19 FC ;1,3; 	435 422 576,75 FC ; 	100 482 133,10 FC ; 	174 169 030,70 FC ; 	40 192 853,24 FC ;0; 	60 289 279,86 FC ;
98;ANKAII AUTOBUS ;245100;MATERIEL DE TRANSPORT;OPERATION;LA83G2ME8NA500769;TA/245100/2022/2001/098;C2 Stars & Sumec Hong Kong  Compagny;6/03/2023;6/03/2023;6/03/2028;5;141 567,00;2 365,95;20;334 940 443,65;3;10;66 988 088,73;66 988 088,73;267 952 354,92; 	66 988 088,73 FC ; 	133 976 177,46 FC ; 	200 964 266,19 FC ;1,3; 	435 422 576,75 FC ; 	100 482 133,10 FC ; 	174 169 030,70 FC ; 	40 192 853,24 FC ;0; 	60 289 279,86 FC ;
99;ANKAII AUTOBUS ;245100;MATERIEL DE TRANSPORT;OPERATION;LA83G2ME1NA500760;TA/245100/2022/2001/099;C2 Stars & Sumec Hong Kong  Compagny;6/03/2023;6/03/2023;6/03/2028;5;141 567,00;2 365,95;20;334 940 443,65;3;10;66 988 088,73;66 988 088,73;267 952 354,92; 	66 988 088,73 FC ; 	133 976 177,46 FC ; 	200 964 266,19 FC ;1,3; 	435 422 576,75 FC ; 	100 482 133,10 FC ; 	174 169 030,70 FC ; 	40 192 853,24 FC ;0; 	60 289 279,86 FC ;
100;ANKAII AUTOBUS ;245100;MATERIEL DE TRANSPORT;OPERATION;LA83G2ME6NA500687;TA/245100/2022/2001/100;C2 Stars & Sumec Hong Kong  Compagny;6/03/2023;6/03/2023;6/03/2028;5;141 567,00;2 365,95;20;334 940 443,65;3;10;66 988 088,73;66 988 088,73;267 952 354,92; 	66 988 088,73 FC ; 	133 976 177,46 FC ; 	200 964 266,19 FC ;1,3; 	435 422 576,75 FC ; 	100 482 133,10 FC ; 	174 169 030,70 FC ; 	40 192 853,24 FC ;0; 	60 289 279,86 FC ;
101;ANKAII AUTOCAR;245100;MATERIEL DE TRANSPORT;OPERATION;LA83G2ME6NA500611;TA/245100/2022/2001/101;C2 Stars & Sumec Hong Kong  Compagny;6/03/2023;6/03/2023;6/03/2028;5;161 567,00;2 365,95;20;382 259 443,65;3;10;76 451 888,73;76 451 888,73;305 807 554,92; 	76 451 888,73 FC ; 	152 903 777,46 FC ; 	229 355 666,19 FC ;1,3; 	496 937 276,75 FC ; 	114 677 833,10 FC ; 	198 774 910,70 FC ; 	45 871 133,24 FC ;0; 	68 806 699,86 FC ;
102;ANKAII AUTOCAR;245100;MATERIEL DE TRANSPORT;OPERATION;LA83G2ME0NA500619;TA/245100/2022/2001/102;C2 Stars & Sumec Hong Kong  Compagny;6/03/2023;6/03/2023;6/03/2028;5;161 567,00;2 365,95;20;382 259 443,65;3;10;76 451 888,73;76 451 888,73;305 807 554,92; 	76 451 888,73 FC ; 	152 903 777,46 FC ; 	229 355 666,19 FC ;1,3; 	496 937 276,75 FC ; 	114 677 833,10 FC ; 	198 774 910,70 FC ; 	45 871 133,24 FC ;0; 	68 806 699,86 FC ;
103;ANKAII AUTOCAR;245100;MATERIEL DE TRANSPORT;OPERATION;LA83G2ME8NA500609;TA/245100/2022/2001/103;C2 Stars & Sumec Hong Kong  Compagny;6/03/2023;6/03/2023;6/03/2028;5;161 567,00;2 365,95;20;382 259 443,65;3;10;76 451 888,73;76 451 888,73;305 807 554,92; 	76 451 888,73 FC ; 	152 903 777,46 FC ; 	229 355 666,19 FC ;1,3; 	496 937 276,75 FC ; 	114 677 833,10 FC ; 	198 774 910,70 FC ; 	45 871 133,24 FC ;0; 	68 806 699,86 FC ;
104;ANKAII AUTOCAR;245100;MATERIEL DE TRANSPORT;OPERATION;LA83G2ME9NA500621;TA/245100/2022/2001/104;C2 Stars & Sumec Hong Kong  Compagny;6/03/2023;6/03/2023;6/03/2028;5;161 567,00;2 365,95;20;382 259 443,65;3;10;76 451 888,73;76 451 888,73;305 807 554,92; 	76 451 888,73 FC ; 	152 903 777,46 FC ; 	229 355 666,19 FC ;1,3; 	496 937 276,75 FC ; 	114 677 833,10 FC ; 	198 774 910,70 FC ; 	45 871 133,24 FC ;0; 	68 806 699,86 FC ;
105;ANKAII AUTOCAR;245100;MATERIEL DE TRANSPORT;OPERATION;LA83G2ME0NA500622;TA/245100/2022/2001/105;C2 Stars & Sumec Hong Kong  Compagny;6/03/2023;6/03/2023;6/03/2028;5;161 567,00;2 365,95;20;382 259 443,65;3;10;76 451 888,73;76 451 888,73;305 807 554,92; 	76 451 888,73 FC ; 	152 903 777,46 FC ; 	229 355 666,19 FC ;1,3; 	496 937 276,75 FC ; 	114 677 833,10 FC ; 	198 774 910,70 FC ; 	45 871 133,24 FC ;0; 	68 806 699,86 FC ;
106;ANKAII AUTOCAR;245100;MATERIEL DE TRANSPORT;OPERATION;LA83G2ME1NA500614;TA/245100/2022/2001/106;C2 Stars & Sumec Hong Kong  Compagny;6/03/2023;6/03/2023;6/03/2028;5;161 567,00;2 365,95;20;382 259 443,65;3;10;76 451 888,73;76 451 888,73;305 807 554,92; 	76 451 888,73 FC ; 	152 903 777,46 FC ; 	229 355 666,19 FC ;1,3; 	496 937 276,75 FC ; 	114 677 833,10 FC ; 	198 774 910,70 FC ; 	45 871 133,24 FC ;0; 	68 806 699,86 FC ;
107;ANKAII AUTOCAR;245100;MATERIEL DE TRANSPORT;OPERATION;LA83G2ME7NA500603;TA/245100/2022/2001/107;C2 Stars & Sumec Hong Kong  Compagny;6/03/2023;6/03/2023;6/03/2028;5;161 567,00;2 365,95;20;382 259 443,65;3;10;76 451 888,73;76 451 888,73;305 807 554,92; 	76 451 888,73 FC ; 	152 903 777,46 FC ; 	229 355 666,19 FC ;1,3; 	496 937 276,75 FC ; 	114 677 833,10 FC ; 	198 774 910,70 FC ; 	45 871 133,24 FC ;0; 	68 806 699,86 FC ;
108;ANKAII AUTOCAR;245100;MATERIEL DE TRANSPORT;OPERATION;LA83G2ME3NA500615;TA/245100/2022/2001/108;C2 Stars & Sumec Hong Kong  Compagny;6/03/2023;6/03/2023;6/03/2028;5;161 567,00;2 365,95;20;382 259 443,65;3;10;76 451 888,73;76 451 888,73;305 807 554,92; 	76 451 888,73 FC ; 	152 903 777,46 FC ; 	229 355 666,19 FC ;1,3; 	496 937 276,75 FC ; 	114 677 833,10 FC ; 	198 774 910,70 FC ; 	45 871 133,24 FC ;0; 	68 806 699,86 FC ;
109;ANKAII AUTOCAR;245100;MATERIEL DE TRANSPORT;OPERATION;LA83G2ME4NA500607;TA/245100/2022/2001/109;C2 Stars & Sumec Hong Kong  Compagny;6/03/2023;6/03/2023;6/03/2028;5;161 567,00;2 365,95;20;382 259 443,65;3;10;76 451 888,73;76 451 888,73;305 807 554,92; 	76 451 888,73 FC ; 	152 903 777,46 FC ; 	229 355 666,19 FC ;1,3; 	496 937 276,75 FC ; 	114 677 833,10 FC ; 	198 774 910,70 FC ; 	45 871 133,24 FC ;0; 	68 806 699,86 FC ;
110;ANKAII AUTOCAR;245100;MATERIEL DE TRANSPORT;OPERATION;LA83G2ME9NA500604;TA/245100/2022/2001/110;C2 Stars & Sumec Hong Kong  Compagny;6/03/2023;6/03/2023;6/03/2028;5;161 567,00;2 365,95;20;382 259 443,65;3;10;76 451 888,73;76 451 888,73;305 807 554,92; 	76 451 888,73 FC ; 	152 903 777,46 FC ; 	229 355 666,19 FC ;1,3; 	496 937 276,75 FC ; 	114 677 833,10 FC ; 	198 774 910,70 FC ; 	45 871 133,24 FC ;0; 	68 806 699,86 FC ;
111;ANKAII AUTOCAR;245100;MATERIEL DE TRANSPORT;OPERATION;LA83G2ME8NA500612;TA/245100/2022/2001/111;C2 Stars & Sumec Hong Kong  Compagny;6/03/2023;6/03/2023;6/03/2028;5;161 567,00;2 365,95;20;382 259 443,65;3;10;76 451 888,73;76 451 888,73;305 807 554,92; 	76 451 888,73 FC ; 	152 903 777,46 FC ; 	229 355 666,19 FC ;1,3; 	496 937 276,75 FC ; 	114 677 833,10 FC ; 	198 774 910,70 FC ; 	45 871 133,24 FC ;0; 	68 806 699,86 FC ;
112;ANKAII AUTOCAR;245100;MATERIEL DE TRANSPORT;OPERATION;LA83G2ME7NA500617;TA/245100/2022/2001/112;C2 Stars & Sumec Hong Kong  Compagny;6/03/2023;6/03/2023;6/03/2028;5;161 567,00;2 365,95;20;382 259 443,65;3;10;76 451 888,73;76 451 888,73;305 807 554,92; 	76 451 888,73 FC ; 	152 903 777,46 FC ; 	229 355 666,19 FC ;1,3; 	496 937 276,75 FC ; 	114 677 833,10 FC ; 	198 774 910,70 FC ; 	45 871 133,24 FC ;0; 	68 806 699,86 FC ;
113;ANKAII AUTOCAR;245100;MATERIEL DE TRANSPORT;OPERATION;LA83G2ME6NA500608;TA/245100/2022/2001/113;C2 Stars & Sumec Hong Kong  Compagny;6/03/2023;6/03/2023;6/03/2028;5;161 567,00;2 365,95;20;382 259 443,65;3;10;76 451 888,73;76 451 888,73;305 807 554,92; 	76 451 888,73 FC ; 	152 903 777,46 FC ; 	229 355 666,19 FC ;1,3; 	496 937 276,75 FC ; 	114 677 833,10 FC ; 	198 774 910,70 FC ; 	45 871 133,24 FC ;0; 	68 806 699,86 FC ;
114;ANKAII AUTOCAR;245100;MATERIEL DE TRANSPORT;OPERATION;LA83G2ME7NA500620;TA/245100/2022/2001/114;C2 Stars & Sumec Hong Kong  Compagny;6/03/2023;6/03/2023;6/03/2028;5;161 567,00;2 365,95;20;382 259 443,65;3;10;76 451 888,73;76 451 888,73;305 807 554,92; 	76 451 888,73 FC ; 	152 903 777,46 FC ; 	229 355 666,19 FC ;1,3; 	496 937 276,75 FC ; 	114 677 833,10 FC ; 	198 774 910,70 FC ; 	45 871 133,24 FC ;0; 	68 806 699,86 FC ;
115;ANKAII AUTOCAR;245100;MATERIEL DE TRANSPORT;OPERATION;LA83G2ME2NA500606;TA/245100/2022/2001/115;C2 Stars & Sumec Hong Kong  Compagny;6/03/2023;6/03/2023;6/03/2028;5;161 567,00;2 365,95;20;382 259 443,65;3;10;76 451 888,73;76 451 888,73;305 807 554,92; 	76 451 888,73 FC ; 	152 903 777,46 FC ; 	229 355 666,19 FC ;1,3; 	496 937 276,75 FC ; 	114 677 833,10 FC ; 	198 774 910,70 FC ; 	45 871 133,24 FC ;0; 	68 806 699,86 FC ;
116;ANKAII AUTOCAR;245100;MATERIEL DE TRANSPORT;OPERATION;LA83G2ME5NA500616;TA/245100/2022/2001/116;C2 Stars & Sumec Hong Kong  Compagny;6/03/2023;6/03/2023;6/03/2028;5;161 567,00;2 365,95;20;382 259 443,65;3;10;76 451 888,73;76 451 888,73;305 807 554,92; 	76 451 888,73 FC ; 	152 903 777,46 FC ; 	229 355 666,19 FC ;1,3; 	496 937 276,75 FC ; 	114 677 833,10 FC ; 	198 774 910,70 FC ; 	45 871 133,24 FC ;0; 	68 806 699,86 FC ;
117;ANKAII AUTOCAR;245100;MATERIEL DE TRANSPORT;OPERATION;LA83G2ME0NA500605;TA/245100/2022/2001/117;C2 Stars & Sumec Hong Kong  Compagny;6/03/2023;6/03/2023;6/03/2028;5;161 567,00;2 365,95;20;382 259 443,65;3;10;76 451 888,73;76 451 888,73;305 807 554,92; 	76 451 888,73 FC ; 	152 903 777,46 FC ; 	229 355 666,19 FC ;1,3; 	496 937 276,75 FC ; 	114 677 833,10 FC ; 	198 774 910,70 FC ; 	45 871 133,24 FC ;0; 	68 806 699,86 FC ;
118;ANKAII AUTOCAR;245100;MATERIEL DE TRANSPORT;OPERATION;LA83G2MEXNA500613;TA/245100/2022/2001/118;C2 Stars & Sumec Hong Kong  Compagny;6/03/2023;6/03/2023;6/03/2028;5;161 567,00;2 365,95;20;382 259 443,65;3;10;76 451 888,73;76 451 888,73;305 807 554,92; 	76 451 888,73 FC ; 	152 903 777,46 FC ; 	229 355 666,19 FC ;1,3; 	496 937 276,75 FC ; 	114 677 833,10 FC ; 	198 774 910,70 FC ; 	45 871 133,24 FC ;0; 	68 806 699,86 FC ;
119;ANKAII AUTOCAR;245100;MATERIEL DE TRANSPORT;OPERATION;LA83G2ME4NA500610;TA/245100/2022/2001/119;C2 Stars & Sumec Hong Kong  Compagny;6/03/2023;6/03/2023;6/03/2028;5;161 567,00;2 365,95;20;382 259 443,65;3;10;76 451 888,73;76 451 888,73;305 807 554,92; 	76 451 888,73 FC ; 	152 903 777,46 FC ; 	229 355 666,19 FC ;1,3; 	496 937 276,75 FC ; 	114 677 833,10 FC ; 	198 774 910,70 FC ; 	45 871 133,24 FC ;0; 	68 806 699,86 FC ;
120;ANKAII AUTOCAR;245100;MATERIEL DE TRANSPORT;OPERATION;LA83G2ME9NA500618;TA/245100/2022/2001/120;C2 Stars & Sumec Hong Kong  Compagny;6/03/2023;6/03/2023;6/03/2028;5;161 567,00;2 365,95;20;382 259 443,65;3;10;76 451 888,73;76 451 888,73;305 807 554,92; 	76 451 888,73 FC ; 	152 903 777,46 FC ; 	229 355 666,19 FC ;1,3; 	496 937 276,75 FC ; 	114 677 833,10 FC ; 	198 774 910,70 FC ; 	45 871 133,24 FC ;0; 	68 806 699,86 FC ;
121;VOLVO;245100;MATERIEL DE TRANSPORT;OPERATION;9BVT5T527ME405396;TA/245100/2022/2001/121;TRANSCO;6/03/2023;6/03/2023;6/03/2028;5;161 000,00;2 365,95;20;380 917 950,00;3;10;76 183 590,00;76 183 590,00;304 734 360,00; 	76 183 590,00 FC ; 	152 367 180,00 FC ; 	228 550 770,00 FC ;1,3; 	495 193 335,00 FC ; 	114 275 385,00 FC ; 	198 077 334,00 FC ; 	45 710 154,00 FC ;0; 	68 565 231,00 FC ;
122;VOLVO;245100;MATERIEL DE TRANSPORT;OPERATION;9BVT5T52XME405396;TA/245100/2022/2001/122;TRANSCO;6/03/2023;6/03/2023;6/03/2028;5;161 000,00;2 365,95;20;380 917 950,00;3;10;76 183 590,00;76 183 590,00;304 734 360,00; 	76 183 590,00 FC ; 	152 367 180,00 FC ; 	228 550 770,00 FC ;1,3; 	495 193 335,00 FC ; 	114 275 385,00 FC ; 	198 077 334,00 FC ; 	45 710 154,00 FC ;0; 	68 565 231,00 FC ;
123;VOLVO;245100;MATERIEL DE TRANSPORT;OPERATION;9BVT5T520ME405353;TA/245100/2022/2001/123;TRANSCO;6/03/2023;6/03/2023;6/03/2028;5;161 000,00;2 365,95;20;380 917 950,00;3;10;76 183 590,00;76 183 590,00;304 734 360,00; 	76 183 590,00 FC ; 	152 367 180,00 FC ; 	228 550 770,00 FC ;1,3; 	495 193 335,00 FC ; 	114 275 385,00 FC ; 	198 077 334,00 FC ; 	45 710 154,00 FC ;0; 	68 565 231,00 FC ;
124;VOLVO;245100;MATERIEL DE TRANSPORT;OPERATION;9BVT5T528ME405262;TA/245100/2022/2001/124;TRANSCO;6/03/2023;6/03/2023;6/03/2028;5;161 000,00;2 365,95;20;380 917 950,00;3;10;76 183 590,00;76 183 590,00;304 734 360,00; 	76 183 590,00 FC ; 	152 367 180,00 FC ; 	228 550 770,00 FC ;1,3; 	495 193 335,00 FC ; 	114 275 385,00 FC ; 	198 077 334,00 FC ; 	45 710 154,00 FC ;0; 	68 565 231,00 FC ;
125;VOLVO;245100;MATERIEL DE TRANSPORT;OPERATION;9BVT5T528ME405424;TA/245100/2022/2001/125;TRANSCO;6/03/2023;6/03/2023;6/03/2028;5;161 000,00;2 365,95;20;380 917 950,00;3;10;76 183 590,00;76 183 590,00;304 734 360,00; 	76 183 590,00 FC ; 	152 367 180,00 FC ; 	228 550 770,00 FC ;1,3; 	495 193 335,00 FC ; 	114 275 385,00 FC ; 	198 077 334,00 FC ; 	45 710 154,00 FC ;0; 	68 565 231,00 FC ;
126;VOLVO;245100;MATERIEL DE TRANSPORT;OPERATION;9BVT5T527ME405253;TA/245100/2022/2001/126;TRANSCO;6/03/2023;6/03/2023;6/03/2028;5;161 000,00;2 365,95;20;380 917 950,00;3;10;76 183 590,00;76 183 590,00;304 734 360,00; 	76 183 590,00 FC ; 	152 367 180,00 FC ; 	228 550 770,00 FC ;1,3; 	495 193 335,00 FC ; 	114 275 385,00 FC ; 	198 077 334,00 FC ; 	45 710 154,00 FC ;0; 	68 565 231,00 FC ;
127;VOLVO;245100;MATERIEL DE TRANSPORT;OPERATION;9BVT5T528ME405388;TA/245100/2022/2001/127;TRANSCO;6/03/2023;6/03/2023;6/03/2028;5;161 000,00;2 365,95;20;380 917 950,00;3;10;76 183 590,00;76 183 590,00;304 734 360,00; 	76 183 590,00 FC ; 	152 367 180,00 FC ; 	228 550 770,00 FC ;1,3; 	495 193 335,00 FC ; 	114 275 385,00 FC ; 	198 077 334,00 FC ; 	45 710 154,00 FC ;0; 	68 565 231,00 FC ;
128;VOLVO;245100;MATERIEL DE TRANSPORT;OPERATION;9BVT5T521ME405314;TA/245100/2022/2001/128;TRANSCO;6/03/2023;6/03/2023;6/03/2028;5;161 000,00;2 365,95;20;380 917 950,00;3;10;76 183 590,00;76 183 590,00;304 734 360,00; 	76 183 590,00 FC ; 	152 367 180,00 FC ; 	228 550 770,00 FC ;1,3; 	495 193 335,00 FC ; 	114 275 385,00 FC ; 	198 077 334,00 FC ; 	45 710 154,00 FC ;0; 	68 565 231,00 FC ;
129;VOLVO;245100;MATERIEL DE TRANSPORT;OPERATION;9BVT5T525ME405414;TA/245100/2022/2001/129;TRANSCO;6/03/2023;6/03/2023;6/03/2028;5;161 000,00;2 365,95;20;380 917 950,00;3;10;76 183 590,00;76 183 590,00;304 734 360,00; 	76 183 590,00 FC ; 	152 367 180,00 FC ; 	228 550 770,00 FC ;1,3; 	495 193 335,00 FC ; 	114 275 385,00 FC ; 	198 077 334,00 FC ; 	45 710 154,00 FC ;0; 	68 565 231,00 FC ;
130;VOLVO;245100;MATERIEL DE TRANSPORT;OPERATION;9BVT5T523ME405413;TA/245100/2022/2001/130;TRANSCO;6/03/2023;6/03/2023;6/03/2028;5;161 000,00;2 365,95;20;380 917 950,00;3;10;76 183 590,00;76 183 590,00;304 734 360,00; 	76 183 590,00 FC ; 	152 367 180,00 FC ; 	228 550 770,00 FC ;1,3; 	495 193 335,00 FC ; 	114 275 385,00 FC ; 	198 077 334,00 FC ; 	45 710 154,00 FC ;0; 	68 565 231,00 FC ;
131;VOLVO;245100;MATERIEL DE TRANSPORT;OPERATION;9BVT5T521ME405393;TA/245100/2022/2001/131;TRANSCO;6/03/2023;6/03/2023;6/03/2028;5;161 000,00;2 365,95;20;999,00;3;10;199,80;199,80;799,20; 	199,80 FC ; 	399,60 FC ; 	599,40 FC ;1,3; 	1 298,70 FC ; 	299,70 FC ; 	519,48 FC ; 	119,88 FC ;0; 	179,82 FC ;
132;VOLVO;245100;MATERIEL DE TRANSPORT;OPERATION;9BVT5T525ME405431;TA/245100/2022/2001/132;TRANSCO;6/03/2023;6/03/2023;6/03/2028;5;161 000,00;2 365,95;20;380 917 950,00;3;10;76 183 590,00;76 183 590,00;304 734 360,00; 	76 183 590,00 FC ; 	152 367 180,00 FC ; 	228 550 770,00 FC ;1,3; 	495 193 335,00 FC ; 	114 275 385,00 FC ; 	198 077 334,00 FC ; 	45 710 154,00 FC ;0; 	68 565 231,00 FC ;
133;VOLVO;245100;MATERIEL DE TRANSPORT;OPERATION;9BVT5T529ME405383;TA/245100/2022/2001/133;TRANSCO;6/03/2023;6/03/2023;6/03/2028;5;161 000,00;2 365,95;20;380 917 950,00;3;10;76 183 590,00;76 183 590,00;304 734 360,00; 	76 183 590,00 FC ; 	152 367 180,00 FC ; 	228 550 770,00 FC ;1,3; 	495 193 335,00 FC ; 	114 275 385,00 FC ; 	198 077 334,00 FC ; 	45 710 154,00 FC ;0; 	68 565 231,00 FC ;
134;VOLVO;245100;MATERIEL DE TRANSPORT;OPERATION;9BVT5T524ME405260;TA/245100/2022/2001/134;TRANSCO;6/03/2023;6/03/2023;6/03/2028;5;161 000,00;2 365,95;20;380 917 950,00;3;10;76 183 590,00;76 183 590,00;304 734 360,00; 	76 183 590,00 FC ; 	152 367 180,00 FC ; 	228 550 770,00 FC ;1,3; 	495 193 335,00 FC ; 	114 275 385,00 FC ; 	198 077 334,00 FC ; 	45 710 154,00 FC ;0; 	68 565 231,00 FC ;
135;VOLVO;245100;MATERIEL DE TRANSPORT;OPERATION;9BVT5T26XME405390;TA/245100/2022/2001/135;TRANSCO;6/03/2023;6/03/2023;6/03/2028;5;161 000,00;2 365,95;20;380 917 950,00;3;10;76 183 590,00;76 183 590,00;304 734 360,00; 	76 183 590,00 FC ; 	152 367 180,00 FC ; 	228 550 770,00 FC ;1,3; 	495 193 335,00 FC ; 	114 275 385,00 FC ; 	198 077 334,00 FC ; 	45 710 154,00 FC ;0; 	68 565 231,00 FC ;
136;VOLVO;245100;MATERIEL DE TRANSPORT;OPERATION;9BVT5T522ME405404;TA/245100/2022/2001/136;TRANSCO;6/03/2023;6/03/2023;6/03/2028;5;161 000,00;2 365,95;20;380 917 950,00;3;10;76 183 590,00;76 183 590,00;304 734 360,00; 	76 183 590,00 FC ; 	152 367 180,00 FC ; 	228 550 770,00 FC ;1,3; 	495 193 335,00 FC ; 	114 275 385,00 FC ; 	198 077 334,00 FC ; 	45 710 154,00 FC ;0; 	68 565 231,00 FC ;
137;VOLVO;245100;MATERIEL DE TRANSPORT;OPERATION;9BVT5T52XME405263;TA/245100/2022/2001/137;TRANSCO;6/03/2023;6/03/2023;6/03/2028;5;161 000,00;2 365,95;20;380 917 950,00;3;10;76 183 590,00;76 183 590,00;304 734 360,00; 	76 183 590,00 FC ; 	152 367 180,00 FC ; 	228 550 770,00 FC ;1,3; 	495 193 335,00 FC ; 	114 275 385,00 FC ; 	198 077 334,00 FC ; 	45 710 154,00 FC ;0; 	68 565 231,00 FC ;
138;VOLVO;245100;MATERIEL DE TRANSPORT;OPERATION;9BVT5T5226ME405403;TA/245100/2022/2001/138;TRANSCO;6/03/2023;6/03/2023;6/03/2028;5;161 000,00;2 365,95;20;380 917 950,00;3;10;76 183 590,00;76 183 590,00;304 734 360,00; 	76 183 590,00 FC ; 	152 367 180,00 FC ; 	228 550 770,00 FC ;1,3; 	495 193 335,00 FC ; 	114 275 385,00 FC ; 	198 077 334,00 FC ; 	45 710 154,00 FC ;0; 	68 565 231,00 FC ;
139;VOLVO;245100;MATERIEL DE TRANSPORT;OPERATION;9BVT5T52XME405344;TA/245100/2022/2001/139;TRANSCO;6/03/2023;6/03/2023;6/03/2028;5;161 000,00;2 365,95;20;380 917 950,00;3;10;76 183 590,00;76 183 590,00;304 734 360,00; 	76 183 590,00 FC ; 	152 367 180,00 FC ; 	228 550 770,00 FC ;1,3; 	495 193 335,00 FC ; 	114 275 385,00 FC ; 	198 077 334,00 FC ; 	45 710 154,00 FC ;0; 	68 565 231,00 FC ;
140;VOLVO;245100;MATERIEL DE TRANSPORT;OPERATION;9BVT5T522ME405371;TA/245100/2022/2001/140;TRANSCO;6/03/2023;6/03/2023;6/03/2028;5;161 000,00;2 365,95;20;380 917 950,00;3;10;76 183 590,00;76 183 590,00;304 734 360,00; 	76 183 590,00 FC ; 	152 367 180,00 FC ; 	228 550 770,00 FC ;1,3; 	495 193 335,00 FC ; 	114 275 385,00 FC ; 	198 077 334,00 FC ; 	45 710 154,00 FC ;0; 	68 565 231,00 FC ;
141;VOLVO;245100;MATERIEL DE TRANSPORT;OPERATION;9BVT5T520ME405384;TA/245100/2022/2001/141;TRANSCO;6/03/2023;6/03/2023;6/03/2028;5;161 000,00;2 365,95;20;380 917 950,00;3;10;76 183 590,00;76 183 590,00;304 734 360,00; 	76 183 590,00 FC ; 	152 367 180,00 FC ; 	228 550 770,00 FC ;1,3; 	495 193 335,00 FC ; 	114 275 385,00 FC ; 	198 077 334,00 FC ; 	45 710 154,00 FC ;0; 	68 565 231,00 FC ;
142;VOLVO;245100;MATERIEL DE TRANSPORT;OPERATION;9BVT5T525ME405445;TA/245100/2022/2001/142;TRANSCO;6/03/2023;6/03/2023;6/03/2028;5;161 000,00;2 365,95;20;380 917 950,00;3;10;76 183 590,00;76 183 590,00;304 734 360,00; 	76 183 590,00 FC ; 	152 367 180,00 FC ; 	228 550 770,00 FC ;1,3; 	495 193 335,00 FC ; 	114 275 385,00 FC ; 	198 077 334,00 FC ; 	45 710 154,00 FC ;0; 	68 565 231,00 FC ;
143;VOLVO;245100;MATERIEL DE TRANSPORT;OPERATION;9BVT5T524ME405405;TA/245100/2022/2001/143;TRANSCO;6/03/2023;6/03/2023;6/03/2028;5;161 000,00;2 365,95;20;380 917 950,00;3;10;76 183 590,00;76 183 590,00;304 734 360,00; 	76 183 590,00 FC ; 	152 367 180,00 FC ; 	228 550 770,00 FC ;1,3; 	495 193 335,00 FC ; 	114 275 385,00 FC ; 	198 077 334,00 FC ; 	45 710 154,00 FC ;0; 	68 565 231,00 FC ;
144;VOLVO;245100;MATERIEL DE TRANSPORT;OPERATION;9BVT5T520ME405336;TA/245100/2022/2001/144;TRANSCO;6/03/2023;6/03/2023;6/03/2028;5;161 000,00;2 365,95;20;380 917 950,00;3;10;76 183 590,00;76 183 590,00;304 734 360,00; 	76 183 590,00 FC ; 	152 367 180,00 FC ; 	228 550 770,00 FC ;1,3; 	495 193 335,00 FC ; 	114 275 385,00 FC ; 	198 077 334,00 FC ; 	45 710 154,00 FC ;0; 	68 565 231,00 FC ;
145;VOLVO;245100;MATERIEL DE TRANSPORT;OPERATION;9BVT5T524ME405419;TA/245100/2022/2001/145;TRANSCO;6/03/2023;6/03/2023;6/03/2028;5;161 000,00;2 365,95;20;380 917 950,00;3;10;76 183 590,00;76 183 590,00;304 734 360,00; 	76 183 590,00 FC ; 	152 367 180,00 FC ; 	228 550 770,00 FC ;1,3; 	495 193 335,00 FC ; 	114 275 385,00 FC ; 	198 077 334,00 FC ; 	45 710 154,00 FC ;0; 	68 565 231,00 FC ;
;;;;;;;;;;;;;;;;;;;;;;;;;;;;;;;
;TOTAL MATERIEL DE TRANSPORT;;;;;;;;;;;;;;;;; 	10 060 319 654,20 FC ; 	10 060 319 654,20 FC ; 	40 241 278 616,80 FC ; 	10 209 795 320,87 FC ; 	20 270 114 975,07 FC ; 	31 822 296 895,93 FC ;; 	67 234 343 769,24 FC ; 	15 141 931 898,24 FC ; 	26 309 882 241,16 FC ; 	6 039 767 266,10 FC ; 	-   FC ; 	9 102 164 632,14 FC ;
;Toyota Coaster ;245100;MATERIEL DE TRANSPORT;OPERATION;JTGABAB8906713146;;SOKIN;17/04/2025;;;;98 000,00;;;;;;;;;;;;;;;;;;;
;Toyota Coaster ;245100;MATERIEL DE TRANSPORT;OPERATION;JTGABAB8206713151;;SOKIN;17/04/2025;;;;98 000,00;;;;;;;;;;;;;;;;;;;
;Toyota Coaster ;245100;MATERIEL DE TRANSPORT;OPERATION;JTGBBAB8006713021;;SOKIN;17/04/2025;;;;98 000,00;;;;;;;;; 	10 302 930 224,11 FC ; 	20 448 178 372,12 FC ;;;;;;;;;
;Toyota Coaster ;245100;MATERIEL DE TRANSPORT;OPERATION;JTGABAB8806713025;;SOKIN;17/04/2025;;;;98 000,00;;;;;;;;;;;;;;;;;;;
;Toyota Coaster ;245100;MATERIEL DE TRANSPORT;OPERATION;JTGABAB8906713034;;SOKIN;17/04/2025;;;;98 000,00;;;;;;;;;;;;;;;;;;;
;Toyota Coaster ;245100;MATERIEL DE TRANSPORT;OPERATION;JTGABAB8206712100;;SOKIN;17/04/2025;;;;98 000,00;;;;;;;;;;;;;;;;;;;
;Toyota Coaster ;245100;MATERIEL DE TRANSPORT;OPERATION;JTGABAB8906712126;;SOKIN;17/04/2025;;;;98 000,00;;;;;;;;;;;;;;;;;;;
;Toyota Coaster ;245100;MATERIEL DE TRANSPORT;OPERATION;JTGABAB8506712138;;SOKIN;17/04/2025;;;;98 000,00;;;;;;;;;;;;;;;;;;;